,PRODUCT_CODE,TITLE,ORI_PRICE,DISCOUNT_PRICE,link
0,49,B_LAB Matcha Hydrating Facial Toner 150ml,17.0,11.9,https://jolse.com/product/detail.html?product_no=42845&cate_no=1019&display_group=1
1,50,META FORET 12PM Calming Toner 150ml,13.2,11.22,https://jolse.com/product/detail.html?product_no=42825&cate_no=1019&display_group=1
2,51,LOOKS&MEII Rich Routine Balance Toner 150ml,21.0,17.85,https://jolse.com/product/detail.html?product_no=42564&cate_no=1019&display_group=1
3,52,LOOKS&MEII Fresh Routine Balance Toner 150ml,21.0,17.85,https://jolse.com/product/detail.html?product_no=42547&cate_no=1019&display_group=1
4,53,MISSHA Time Revolution Best Seller Special Set,54.99,46.74,https://jolse.com/product/detail.html?product_no=42310&cate_no=1019&display_group=1
5,54,Dr.Ceuracle Pro Balance Biotics Toner 300ml,30.0,25.5,https://jolse.com/product/detail.html?product_no=42292&cate_no=1019&display_group=1
6,55,Dr.Ceuracle Cica Regen 92 Toner 120ml,25.0,21.25,https://jolse.com/product/detail.html?product_no=42287&cate_no=1019&display_group=1
7,56,MANYO FACTORY Bifida Cica Herb Toner 210ml,19.0,16.15,https://jolse.com/product/detail.html?product_no=42278&cate_no=1019&display_group=1
8,57,MANYO FACTORY Galac Whitening Vita Toner 210ml,19.0,16.15,https://jolse.com/product/detail.html?product_no=42276&cate_no=1019&display_group=1
9,58,SOME BY MI Propolis B5 Glow Barrier Calming Toner 150ml,22.0,18.7,https://jolse.com/product/detail.html?product_no=42205&cate_no=1019&display_group=1
10,59,banila co. Dear Hydration Toner 280ml,24.0,16.8,https://jolse.com/product/detail.html?product_no=42194&cate_no=1019&display_group=1
11,60,SKIN1004 Madagascar Centella Tone Brightening Boosting Toner 210ml,24.0,16.8,https://jolse.com/product/detail.html?product_no=41720&cate_no=1019&display_group=1
12,61,Beauty of Joseon Green Plum + AHA Bubble Toner 150ml,22.0,14.63,https://jolse.com/product/detail.html?product_no=41718&cate_no=1019&display_group=1
13,62,Pyunkang Yul Calming Deep Moisture Toner 150ml,15.0,12.75,https://jolse.com/product/detail.html?product_no=41712&cate_no=1019&display_group=1
14,63,innisfree Forest For Men Premium Skin Care Duo Set,58.0,40.6,https://jolse.com/product/detail.html?product_no=41467&cate_no=1019&display_group=1
15,64,innisfree Green Tea Balancing Skin Care Set EX,42.0,29.4,https://jolse.com/product/detail.html?product_no=41466&cate_no=1019&display_group=1
16,65,innisfree Black Tea Youth Enhancing Skin 150ml,28.0,19.6,https://jolse.com/product/detail.html?product_no=41450&cate_no=1019&display_group=1
17,66,Haruharu WONDER Black Rice Hyaluronic Toner 150ml (Fragrance Free),22.0,18.7,https://jolse.com/product/detail.html?product_no=41258&cate_no=1019&display_group=1
18,67,Dr.G Red Blemish Clear Soothing Toner 200ml,23.0,16.1,https://jolse.com/product/detail.html?product_no=41224&cate_no=1019&display_group=1
19,68,Huxley Hydration Trio Set,82.0,57.17,https://jolse.com/product/detail.html?product_no=41203&cate_no=1019&display_group=1
20,69,Huxley Essential Mist Sense Of Balance 35ml,21.0,14.64,https://jolse.com/product/detail.html?product_no=41200&cate_no=1019&display_group=1
21,70,Huxley Oil Mist Sense Of Balance 35ml,21.0,14.64,https://jolse.com/product/detail.html?product_no=41197&cate_no=1019&display_group=1
22,71,Huxley Antioxidant Trio Set,82.0,57.17,https://jolse.com/product/detail.html?product_no=41196&cate_no=1019&display_group=1
23,72,Huxley Extra Moisture Trio Set,84.0,58.56,https://jolse.com/product/detail.html?product_no=41194&cate_no=1019&display_group=1
24,73,Huxley Brightening Trio Set,85.0,59.26,https://jolse.com/product/detail.html?product_no=41191&cate_no=1019&display_group=1
25,74,O HUI Extreme White 2pcs Special Set,100.0,85.0,https://jolse.com/product/detail.html?product_no=41173&cate_no=1019&display_group=1
26,75,su:m37 Waterfull Special Set,110.0,87.89,https://jolse.com/product/detail.html?product_no=41172&cate_no=1019&display_group=1
27,76,AXIS-Y The Mini Glow Set,9.9,8.41,https://jolse.com/product/detail.html?product_no=41165&cate_no=1019&display_group=1
28,77,AXIS-Y My Self Care Set Limited Edition,32.0,27.2,https://jolse.com/product/detail.html?product_no=41159&cate_no=1019&display_group=1
29,78,AXIS-Y Daily Purifying Treatment Toner 200ml,25.0,21.25,https://jolse.com/product/detail.html?product_no=41104&cate_no=1019&display_group=1
30,79,MISSHA Super Aqua Ultra Hyalron Toner Pads 90pcs,26.16,22.24,https://jolse.com/product/detail.html?product_no=41056&cate_no=1019&display_group=1
31,80,MISSHA Super Aqua Ultra Hyalron Skin Essence 200ml (Renewal),23.16,19.69,https://jolse.com/product/detail.html?product_no=41050&cate_no=1019&display_group=1
32,81,ONE THING Brassica Oleracea Italica Extract 300ml,30.58,25.99,https://jolse.com/product/detail.html?product_no=40716&cate_no=1019&display_group=1
33,82,ONE THING Citrus Unshiu Fruit Extract 300ml,30.58,25.99,https://jolse.com/product/detail.html?product_no=40707&cate_no=1019&display_group=1
34,83,ONE THING Calendula Officinalis Flower Extract 300ml,30.58,25.99,https://jolse.com/product/detail.html?product_no=40706&cate_no=1019&display_group=1
35,84,ONE THING Houttuynia Cordata Extract 300ml,30.58,25.99,https://jolse.com/product/detail.html?product_no=40705&cate_no=1019&display_group=1
36,85,ONE THING Camellia Sinensis Leaf Extract 300ml,30.58,25.99,https://jolse.com/product/detail.html?product_no=40704&cate_no=1019&display_group=1
37,86,ONE THING Artemisia Capillaris Extract 300ml,30.58,25.99,https://jolse.com/product/detail.html?product_no=40703&cate_no=1019&display_group=1
38,87,ONE THING COIX LACRYMA-JOBIMA-YUEN SEED EXTRACT 300ml,30.58,25.99,https://jolse.com/product/detail.html?product_no=40702&cate_no=1019&display_group=1
39,88,ONE THING Propolis + Honey Extract 300ml,30.58,25.99,https://jolse.com/product/detail.html?product_no=40700&cate_no=1019&display_group=1
40,89,ONE THING Centella Asiatica Extract 300ml,30.58,25.99,https://jolse.com/product/detail.html?product_no=40699&cate_no=1019&display_group=1
41,90,ONE THING Galactomyces Ferment Filtrate 150ml,33.0,28.05,https://jolse.com/product/detail.html?product_no=40698&cate_no=1019&display_group=1
42,91,ONE THING Artemisia Capillaris Extract 150ml,20.54,17.46,https://jolse.com/product/detail.html?product_no=40693&cate_no=1019&display_group=1
43,92,ONE THING Centella Asiatica Extract 150ml,20.54,17.46,https://jolse.com/product/detail.html?product_no=40691&cate_no=1019&display_group=1
44,93,ONE THING Houttuynia Cordata Extract 150ml,20.54,17.46,https://jolse.com/product/detail.html?product_no=40689&cate_no=1019&display_group=1
45,94,ONE THING Citrus Unshiu Fruit Extract 150ml,20.54,17.46,https://jolse.com/product/detail.html?product_no=40685&cate_no=1019&display_group=1
46,95,ONE THING Brassica Oleracea Italica Extract 150ml,18.96,16.12,https://jolse.com/product/detail.html?product_no=40684&cate_no=1019&display_group=1
47,96,ONE THING Hyaluronic Acid Complex 150ml,23.52,19.99,https://jolse.com/product/detail.html?product_no=40682&cate_no=1019&display_group=1
48,97,ONE THING Calendula Officinalis Flower Extract 150ml,18.96,16.12,https://jolse.com/product/detail.html?product_no=40681&cate_no=1019&display_group=1
49,98,ONE THING Camellia Sinensis Leaf Extract 150ml,18.96,16.12,https://jolse.com/product/detail.html?product_no=40678&cate_no=1019&display_group=1
50,99,ONE THING NIACINAMIDE 10% 150ml,18.96,16.12,https://jolse.com/product/detail.html?product_no=40677&cate_no=1019&display_group=1
51,100,ONE THING COIX LACRYMA-JOBIMA-YUEN SEED EXTRACT 150ml,18.96,16.12,https://jolse.com/product/detail.html?product_no=40675&cate_no=1019&display_group=1
52,101,MANYO FACTORY Our Vegan Heartleaf Cica Toner 400ml,28.8,24.48,https://jolse.com/product/detail.html?product_no=40674&cate_no=1019&display_group=1
53,102,ONE THING BIFIDA Ferment Lysate 150ml,18.96,16.12,https://jolse.com/product/detail.html?product_no=40673&cate_no=1019&display_group=1
54,103,ONE THING Propolis + Honey Extract 150ml,18.96,16.12,https://jolse.com/product/detail.html?product_no=40671&cate_no=1019&display_group=1
55,104,HanYul Pure Artemisia Calming pH Balancing Toner 150ml,29.0,24.65,https://jolse.com/product/detail.html?product_no=40635&cate_no=1019&display_group=1
56,105,primera Organience Water 180ml,35.0,29.75,https://jolse.com/product/detail.html?product_no=40633&cate_no=1019&display_group=1
57,106,Yehwadam Hwansaenggo Rejuvenating Radiance Toner 160ml,35.0,26.21,https://jolse.com/product/detail.html?product_no=40591&cate_no=1019&display_group=1
58,107,Yehwadam Hwansaenggo Ultimate Rejuvenating Toner 160ml,35.0,26.21,https://jolse.com/product/detail.html?product_no=40590&cate_no=1019&display_group=1
59,108,Yehwadam Artemisia Soothing Moisturizing Toner 180ml,26.0,19.47,https://jolse.com/product/detail.html?product_no=40585&cate_no=1019&display_group=1
60,109,Yehwadam Plum Flower Revitalizing Toner 160ml,28.0,20.97,https://jolse.com/product/detail.html?product_no=40581&cate_no=1019&display_group=1
61,110,ETUDE HOUSE AC Clean Up Toner 200ml,18.57,15.78,https://jolse.com/product/detail.html?product_no=40385&cate_no=1019&display_group=1
62,111,SOME BY MI AHA BHA PHA 30 Days Miracle Travel Kit,19.0,16.15,https://jolse.com/product/detail.html?product_no=40369&cate_no=1019&display_group=1
63,112,su:m37 sum37 Time energy Resetting Toner 170ml,45.0,35.95,https://jolse.com/product/detail.html?product_no=40244&cate_no=1019&display_group=1
64,113,VILLAGE 11 FACTORY Blue Chamomile Toner 250ml,18.0,15.3,https://jolse.com/product/detail.html?product_no=40189&cate_no=1019&display_group=1
65,114,Aromatica Tea Tree Balancing Toner 200ml (Renewal),35.0,29.75,https://jolse.com/product/detail.html?product_no=40188&cate_no=1019&display_group=1
66,115,Real Barrier Extreme Essence Toner 190ml (Renewal),30.0,25.5,https://jolse.com/product/detail.html?product_no=40186&cate_no=1019&display_group=1
67,116,celimax Dual Barrier Creamy Toner 150ml,24.0,20.4,https://jolse.com/product/detail.html?product_no=40163&cate_no=1019&display_group=1
68,117,The FACE Shop The Gentle For Men Anti-Aging Toner 140ml,29.16,20.38,https://jolse.com/product/detail.html?product_no=40127&cate_no=1019&display_group=1
69,118,Nature Republic Argan Homme Skin 130ml,24.16,20.54,https://jolse.com/product/detail.html?product_no=40122&cate_no=1019&display_group=1
70,119,Cos De BAHA Peptide Toner 200ml,17.0,14.45,https://jolse.com/product/detail.html?product_no=40112&cate_no=1019&display_group=1
71,120,Cos De BAHA Niacinamide Toner 200ml,18.0,15.3,https://jolse.com/product/detail.html?product_no=40102&cate_no=1019&display_group=1
72,121,Cos De BAHA AHA/BHA GS Toner 200ml,17.0,14.45,https://jolse.com/product/detail.html?product_no=40101&cate_no=1019&display_group=1
73,122,Cos De BAHA Centella Facial Toner 200ml,16.45,13.98,https://jolse.com/product/detail.html?product_no=40098&cate_no=1019&display_group=1
74,123,Cos De BAHA Salicylic Acid 2% Liquid 120ml,14.99,12.74,https://jolse.com/product/detail.html?product_no=40093&cate_no=1019&display_group=1
75,124,COSRX Poreless Pad 70pcs,25.0,21.25,https://jolse.com/product/detail.html?product_no=40051&cate_no=1019&display_group=1
76,125,COSRX Pure Fit Cica Pad 90pcs,27.0,22.95,https://jolse.com/product/detail.html?product_no=40049&cate_no=1019&display_group=1
77,126,COSRX Pure Fit Cica Powder 10g (renewal),18.0,15.3,https://jolse.com/product/detail.html?product_no=40047&cate_no=1019&display_group=1
78,127,HOLIKA HOLIKA Honey Royalactin Serum Mist 120ml,29.16,24.79,https://jolse.com/product/detail.html?product_no=40037&cate_no=1019&display_group=1
79,128,HOLIKA HOLIKA Gold Kiwi Vita C+ Brightening Toner 150ml,34.16,29.04,https://jolse.com/product/detail.html?product_no=40033&cate_no=1019&display_group=1
80,129,HOLIKA HOLIKA Premier Collagen Toner 125ml,32.16,27.34,https://jolse.com/product/detail.html?product_no=40025&cate_no=1019&display_group=1
81,130,OGANA CELL Sky Blue Toner 130ml,42.0,35.7,https://jolse.com/product/detail.html?product_no=40011&cate_no=1019&display_group=1
82,131,O HUI Age Recovery Special Set,128.0,108.8,https://jolse.com/product/detail.html?product_no=39984&cate_no=1019&display_group=1
83,132,O HUI Miracle Moisture Special Set,90.0,76.5,https://jolse.com/product/detail.html?product_no=39981&cate_no=1019&display_group=1
84,133,su:m37 Waterfull Special Set (renewal),135.0,94.36,https://jolse.com/product/detail.html?product_no=39980&cate_no=1019&display_group=1
85,134,su:m37 Time Energy Special Set (renewal),125.0,87.37,https://jolse.com/product/detail.html?product_no=39979&cate_no=1019&display_group=1
86,135,OGANA CELL Peptide Concentrating Heaven Water 120ml,62.0,52.7,https://jolse.com/product/detail.html?product_no=39967&cate_no=1019&display_group=1
87,136,Mamonde Ceramide Skin Softener 200ml,27.16,23.09,https://jolse.com/product/detail.html?product_no=39957&cate_no=1019&display_group=1
88,137,Mamonde Centella Trouble Toner 250ml,25.16,21.39,https://jolse.com/product/detail.html?product_no=39954&cate_no=1019&display_group=1
89,138,The History of Whoo Cheongidan Goon Hwa Yang Skin 150ml,75.0,63.75,https://jolse.com/product/detail.html?product_no=39921&cate_no=1019&display_group=1
90,139,TIAM AC Fighting PHA 12 Purifying Liquid 80ml,23.0,19.55,https://jolse.com/product/detail.html?product_no=39900&cate_no=1019&display_group=1
91,140,THANK YOU FARMER Rice Pure Essential Toner 200ml,28.0,23.8,https://jolse.com/product/detail.html?product_no=39889&cate_no=1019&display_group=1
92,141,daymellow Aqualron Watery Toner 300ml,21.0,12.6,https://jolse.com/product/detail.html?product_no=39858&cate_no=1019&display_group=1
93,142,daymellow Bluemarin Purity Toner 200ml,26.0,15.6,https://jolse.com/product/detail.html?product_no=39833&cate_no=1019&display_group=1
94,143,goodal Houttuynia Cordata Calming Toner Pad 70pcs,28.57,24.28,https://jolse.com/product/detail.html?product_no=39413&cate_no=1019&display_group=1
95,144,LANEIGE Perfect Renew Youth Refiner 120ml,47.16,40.09,https://jolse.com/product/detail.html?product_no=39374&cate_no=1019&display_group=1
96,145,LANEIGE Cream Skin Refiner+ 150ml,33.16,28.19,https://jolse.com/product/detail.html?product_no=39370&cate_no=1019&display_group=1
97,146,MISSHA Radiance Perfect-Fit Mist & Fixer 80ml,17.16,14.59,https://jolse.com/product/detail.html?product_no=39353&cate_no=1019&display_group=1
98,147,A'PIEU Fusidium Trouble Calming Toner 210ml,28.16,25.34,https://jolse.com/product/detail.html?product_no=39271&cate_no=1019&display_group=1
99,148,MISSHA Chogongjin Sosaeng Toner 150ml,32.16,27.34,https://jolse.com/product/detail.html?product_no=39261&cate_no=1019&display_group=1
100,149,Reduire Trouble Relieving Toner 250ml,19.0,13.3,https://jolse.com/product/detail.html?product_no=39233&cate_no=1019&display_group=1
101,150,Etude House Moistfull Collagen Intense Toner 200ml,22.57,19.18,https://jolse.com/product/detail.html?product_no=39224&cate_no=1019&display_group=1
102,151,Etude House Soonjung Relief Cica Toner Pad 70pcs,29.57,18.99,https://jolse.com/product/detail.html?product_no=39217&cate_no=1019&display_group=1
103,152,Etude House Soonjung Cica Toner 200ml,23.57,20.03,https://jolse.com/product/detail.html?product_no=39216&cate_no=1019&display_group=1
104,153,23years old BAKUCHIOL A Sticker Toner 200ml,19.0,15.2,https://jolse.com/product/detail.html?product_no=39215&cate_no=1019&display_group=1
105,154,Etude House Soonjung Centella Toner 200ml,21.57,18.33,https://jolse.com/product/detail.html?product_no=39200&cate_no=1019&display_group=1
106,155,PETITFEE Beautifying Toner 150ml,15.0,12.75,https://jolse.com/product/detail.html?product_no=39190&cate_no=1019&display_group=1
107,156,PETITFEE Hydro Cream Face Mist 90ml,18.0,15.3,https://jolse.com/product/detail.html?product_no=39187&cate_no=1019&display_group=1
108,157,PETITFEE Cica Calm Face Mist 90ml,18.0,15.3,https://jolse.com/product/detail.html?product_no=39186&cate_no=1019&display_group=1
109,158,Real Barrier Cicarelief Moisture Pad 60ea,30.0,25.5,https://jolse.com/product/detail.html?product_no=39160&cate_no=1019&display_group=1
110,159,ROUND LAB Mugwort Calming Toner 300ml(Renewal),27.0,14.99,https://jolse.com/product/detail.html?product_no=39159&cate_no=1019&display_group=1
111,160,VONIN Triple Action One Shot Fluid 180ml,30.0,25.5,https://jolse.com/product/detail.html?product_no=39158&cate_no=1019&display_group=1
112,161,VONIN The Style Standard Toner 135ml & Emulsion 135ml set,48.0,40.8,https://jolse.com/product/detail.html?product_no=39157&cate_no=1019&display_group=1
113,162,SOONPLUS 5.5 Balancing Skin Care Set,44.99,31.49,https://jolse.com/product/detail.html?product_no=39126&cate_no=1019&display_group=1
114,163,ROUND LAB Birch Juice Moisturizing Pad 80ea,27.0,12.99,https://jolse.com/product/detail.html?product_no=38950&cate_no=1019&display_group=1
115,164,SOONPLUS 5.5 Balancing Water 150ml,22.99,16.09,https://jolse.com/product/detail.html?product_no=38942&cate_no=1019&display_group=1
116,165,ISAKNOX Platinum Moisture Economical 2 types Planning Set,46.8,32.76,https://jolse.com/product/detail.html?product_no=38941&cate_no=1019&display_group=1
117,166,ISAKNOX Platinum Moisture 3 Types Planning Set,77.77,54.44,https://jolse.com/product/detail.html?product_no=38934&cate_no=1019&display_group=1
118,167,ENOUGH PROJECT Essential Skin 200ml,18.99,11.99,https://jolse.com/product/detail.html?product_no=38913&cate_no=1019&display_group=1
119,168,BEYOND Waterful Mist & Hand set,15.5,13.17,https://jolse.com/product/detail.html?product_no=38909&cate_no=1019&display_group=1
120,169,TONYMOLY 2XÂ® Collagen Skin 140ml,30.16,25.64,https://jolse.com/product/detail.html?product_no=38646&cate_no=1019&display_group=1
121,170,TONYMOLY Wonder Mint Oil Paper Toner 500ml,23.16,19.69,https://jolse.com/product/detail.html?product_no=38636&cate_no=1019&display_group=1
122,171,TONYMOLY Age Floria Wrinkle Perfect Toner 140ml,26.16,22.24,https://jolse.com/product/detail.html?product_no=38635&cate_no=1019&display_group=1
123,172,TONYMOLY Three-herb Blemish AC Toner 150ml,18.16,15.44,https://jolse.com/product/detail.html?product_no=38626&cate_no=1019&display_group=1
124,173,TONYMOLY Blemish Cica Toner 140ml,28.16,23.94,https://jolse.com/product/detail.html?product_no=38623&cate_no=1019&display_group=1
125,174,TONYMOLY Propolis Tower Barrier Rebalancing Toner 140ml,26.16,22.24,https://jolse.com/product/detail.html?product_no=38620&cate_no=1019&display_group=1
126,175,TONYMOLY The Green Tea Truebiome Watery Toner 150ml,19.16,16.29,https://jolse.com/product/detail.html?product_no=38540&cate_no=1019&display_group=1
127,176,TONYMOLY The Green Tea Truebiome Watery Mist 150ml,18.16,15.44,https://jolse.com/product/detail.html?product_no=38530&cate_no=1019&display_group=1
128,177,Wellage Real Hyaluronic Milkpeel Toner 300ml,29.0,24.65,https://jolse.com/product/detail.html?product_no=38519&cate_no=1019&display_group=1
129,178,Mernel Calming Bell Toner 200ml,30.0,25.5,https://jolse.com/product/detail.html?product_no=38200&cate_no=1019&display_group=1
130,179,Haruharu WONDER Black Bamboo Mist 150ml,27.0,22.95,https://jolse.com/product/detail.html?product_no=37810&cate_no=1019&display_group=1
131,180,Haruharu WONDER Black Bamboo Mist 80ml,15.62,13.28,https://jolse.com/product/detail.html?product_no=37809&cate_no=1019&display_group=1
132,181,banila co. Miss flower & Mr. Honey Propolis Rejuvenating Essence Toner 190ml,32.0,22.4,https://jolse.com/product/detail.html?product_no=37605&cate_no=1019&display_group=1
133,182,MAY COOP Raw Morning Dew 80ml,22.0,18.7,https://jolse.com/product/detail.html?product_no=37579&cate_no=1019&display_group=1
134,183,banila co. Miss Flower & Mr. Honey Propolis Rejuvenating Ampoule Mist 99ml,25.0,17.5,https://jolse.com/product/detail.html?product_no=37562&cate_no=1019&display_group=1
135,184,SKIN1004 Madagascar Centella Hyalu Cica Brightening Toner 210ml,22.0,15.4,https://jolse.com/product/detail.html?product_no=37206&cate_no=1019&display_group=1
136,185,the SAEM Urban Eco Waratah Toner 180ml (Renewal),26.16,22.24,https://jolse.com/product/detail.html?product_no=37152&cate_no=1019&display_group=1
137,186,SKIN1004 Madagascar Centella Toning Toner 400ml,33.0,23.1,https://jolse.com/product/detail.html?product_no=37078&cate_no=1019&display_group=1
138,187,COSRX Balancium Comfort Ceramide Cream Mist 120ml,29.0,24.65,https://jolse.com/product/detail.html?product_no=36745&cate_no=1019&display_group=1
139,188,WellDerma CHADEW TEATREE SOOTHING BUBBLE TONER 150ml + 100ml,39.0,27.3,https://jolse.com/product/detail.html?product_no=36644&cate_no=1019&display_group=1
140,189,WellDerma SAPPHIRE COLLAGEN IMPACT HYDRO TONER 100ml,45.0,31.5,https://jolse.com/product/detail.html?product_no=36642&cate_no=1019&display_group=1
141,190,WellDerma SAPPHIRE COLLAGEN IMPACT HYDRO MIST 150ml,36.0,25.2,https://jolse.com/product/detail.html?product_no=36640&cate_no=1019&display_group=1
142,191,Neulii AC Clean Saver Toner Pad 60 sheets,17.0,14.45,https://jolse.com/product/detail.html?product_no=36519&cate_no=1019&display_group=1
143,192,THE LAB by blanc doux Prebiotic Cera Liquid 210ml,28.0,14.99,https://jolse.com/product/detail.html?product_no=36510&cate_no=1019&display_group=1
144,193,COMMONLABS Triple Vita Balancing Toner 210ml,22.0,18.7,https://jolse.com/product/detail.html?product_no=36186&cate_no=1019&display_group=1
145,194,"Logically, Skin Aquatide Multi-Purpose Toner Mist 200ml",42.0,35.7,https://jolse.com/product/detail.html?product_no=36175&cate_no=1019&display_group=1
146,195,Dr.Jart+ Cicapair Toner 150ml,28.0,15.99,https://jolse.com/product/detail.html?product_no=35681&cate_no=1019&display_group=1
147,196,BLANCHET Glam Pearl Radiance Essential Mist 55ml,35.0,29.75,https://jolse.com/product/detail.html?product_no=35658&cate_no=1019&display_group=1
148,197,Sooryehan Chunsam Radiant Set,100.0,85.0,https://jolse.com/product/detail.html?product_no=34941&cate_no=1019&display_group=1
149,198,Sooryehan Bon Deep Hydration Set,63.0,53.55,https://jolse.com/product/detail.html?product_no=34939&cate_no=1019&display_group=1
150,199,BEYOND Miracle For Rest Essential Toner 150ml,40.6,34.51,https://jolse.com/product/detail.html?product_no=34873&cate_no=1019&display_group=1
151,200,Sooryehan HyoBidam Moisture Skin 160ml,28.0,23.8,https://jolse.com/product/detail.html?product_no=34868&cate_no=1019&display_group=1
152,201,Sooryehan Bon Extra Moisture Toner 160ml,30.4,25.84,https://jolse.com/product/detail.html?product_no=34864&cate_no=1019&display_group=1
153,202,SOME BY MI Super Matcha Pore Tightening Toner 150ml,29.0,24.65,https://jolse.com/product/detail.html?product_no=34856&cate_no=1019&display_group=1
154,203,SOME BY MI Red Teatree Cicassoside Derma Solution Toner 150ml,29.0,24.65,https://jolse.com/product/detail.html?product_no=34850&cate_no=1019&display_group=1
155,204,THE FACE SHOP Aloe fresh Soothing Mist 130ml,17.07,11.93,https://jolse.com/product/detail.html?product_no=34710&cate_no=1019&display_group=1
156,205,THE FACE SHOP Mango Seed Ceramide Moisturizing Toner 160ml,25.57,17.87,https://jolse.com/product/detail.html?product_no=34708&cate_no=1019&display_group=1
157,206,Dr.Belmeur Clarifying Soothing Mist 100ml,19.07,16.21,https://jolse.com/product/detail.html?product_no=34696&cate_no=1019&display_group=1
158,207,THE FACE SHOP Arsainte Eco Therapy Tonic with Essential 215ml,24.57,17.17,https://jolse.com/product/detail.html?product_no=34683&cate_no=1019&display_group=1
159,208,Wellderma Calendula Calming Soon Toner 150ml,23.0,16.1,https://jolse.com/product/detail.html?product_no=34678&cate_no=1019&display_group=1
160,209,Beauty of Joseon Ginseng Essence Water 150ml,24.55,13.18,https://jolse.com/product/detail.html?product_no=34674&cate_no=1019&display_group=1
161,210,COSRX Promotion Set Toner Collection,28.0,23.8,https://jolse.com/product/detail.html?product_no=34596&cate_no=1019&display_group=1
162,211,COSRX Cica Toner Double Edition Kit,39.0,33.15,https://jolse.com/product/detail.html?product_no=34595&cate_no=1019&display_group=1
163,212,COSRX Find Your Go to Toner RX Hydrating Kit,30.0,25.5,https://jolse.com/product/detail.html?product_no=34593&cate_no=1019&display_group=1
164,213,COSRX Find Your Go to Toner RX Brightening Kit,30.0,25.5,https://jolse.com/product/detail.html?product_no=34592&cate_no=1019&display_group=1
165,214,COSRX 2020 Holiday Toner Collection,25.0,21.25,https://jolse.com/product/detail.html?product_no=34590&cate_no=1019&display_group=1
166,215,Nature Republic Vitapair C Toner 300ml,29.35,24.95,https://jolse.com/product/detail.html?product_no=34548&cate_no=1019&display_group=1
167,216,TIAM Vita Refre-C Toner 100ml,20.0,17.0,https://jolse.com/product/detail.html?product_no=34508&cate_no=1019&display_group=1
168,217,innisfree Jeju Cherry Blossom Mist 120ml,19.16,14.76,https://jolse.com/product/detail.html?product_no=34316&cate_no=1019&display_group=1
169,218,PURITO Centella Unscented Toner 200ml,25.2,20.16,https://jolse.com/product/detail.html?product_no=34003&cate_no=1019&display_group=1
170,219,innisfree Jeju Blossom Trial Kit,11.0,8.25,https://jolse.com/product/detail.html?product_no=33981&cate_no=1019&display_group=1
171,220,MISSHA Chogongjin Youngan Toner 150ml,43.9,37.31,https://jolse.com/product/detail.html?product_no=33929&cate_no=1019&display_group=1
172,221,O HUI Miracle Aqua Mist 50ml*2,23.16,19.69,https://jolse.com/product/detail.html?product_no=32917&cate_no=1019&display_group=1
173,222,ETUDE HOUSE Wonder Pore Freshner 250ml,15.19,12.91,https://jolse.com/product/detail.html?product_no=32765&cate_no=1019&display_group=1
174,223,ETUDE HOUSE Wonder Pore Freshner 500ml,24.88,21.15,https://jolse.com/product/detail.html?product_no=32764&cate_no=1019&display_group=1
175,224,NACIFIC Pink AHA BHA Toner 150ml,26.0,22.1,https://jolse.com/product/detail.html?product_no=32100&cate_no=1019&display_group=1
176,225,the SAEM Urban Eco Harakeke Toner 150ml,20.66,17.56,https://jolse.com/product/detail.html?product_no=31661&cate_no=1019&display_group=1
177,226,goodal Green Tangerine Vita C Toner Pad 70ea,29.8,25.33,https://jolse.com/product/detail.html?product_no=31331&cate_no=1019&display_group=1
178,227,COSRX Full Fit Propolis Synergy Toner 50ml,9.0,7.65,https://jolse.com/product/detail.html?product_no=30837&cate_no=1019&display_group=1
179,228,COSRX Refresh AHA/BHA Vitamin C Daily Toner 50ml,9.0,7.65,https://jolse.com/product/detail.html?product_no=30836&cate_no=1019&display_group=1
180,229,COSRX Hydrium Watery Toner 50ml,9.0,7.65,https://jolse.com/product/detail.html?product_no=30830&cate_no=1019&display_group=1
181,230,COSRX Hydrium Watery Toner 150ml,28.0,23.8,https://jolse.com/product/detail.html?product_no=30829&cate_no=1019&display_group=1
182,231,COSRX Full Fit Propolis Synergy Toner 150ml,28.0,23.8,https://jolse.com/product/detail.html?product_no=30828&cate_no=1019&display_group=1
183,232,COSRX Refresh AHA/BHA Vitamin C Daily Toner 150ml,28.0,23.8,https://jolse.com/product/detail.html?product_no=30827&cate_no=1019&display_group=1
184,233,d'Alba At Home Spa Treatment Set,95.0,80.75,https://jolse.com/product/detail.html?product_no=29903&cate_no=1019&display_group=1
185,234,ROUND LAB 1025 Dokdo Toner 500ml,34.0,21.99,https://jolse.com/product/detail.html?product_no=29899&cate_no=1019&display_group=1
186,235,COSRX Pure Fit Cica Toner 150ml,22.0,13.99,https://jolse.com/product/detail.html?product_no=29876&cate_no=1019&display_group=1
187,236,I'm Sorry For My Skin Relaxing Toner Calming 200ml,25.0,21.25,https://jolse.com/product/detail.html?product_no=29841&cate_no=1019&display_group=1
188,237,innisfree Truecare PHA Toner Pad 70ea,23.32,17.02,https://jolse.com/product/detail.html?product_no=29734&cate_no=1019&display_group=1
189,238,innisfree Truecare Panthenol 10 Moisture Skin 250ml,22.56,16.47,https://jolse.com/product/detail.html?product_no=29731&cate_no=1019&display_group=1
190,239,VELY VELY Pink Peeling Pad 60ea,27.06,23.0,https://jolse.com/product/detail.html?product_no=29358&cate_no=1019&display_group=1
191,240,VELY VELY Madecassoside Repair Toner 150ml,34.12,29.0,https://jolse.com/product/detail.html?product_no=29341&cate_no=1019&display_group=1
192,241,VELY VELY Yuja C-Tamin Toner 150ml,31.76,27.0,https://jolse.com/product/detail.html?product_no=29336&cate_no=1019&display_group=1
193,242,VELY VELY Artemisia Balance Spot Pad 60ea,27.06,23.0,https://jolse.com/product/detail.html?product_no=29335&cate_no=1019&display_group=1
194,243,REBEAUTE Oxygenant Serum Mist 80ml,21.0,17.85,https://jolse.com/product/detail.html?product_no=29005&cate_no=1019&display_group=1
195,244,isoi Pure Moisture Trial Kit,20.0,17.0,https://jolse.com/product/detail.html?product_no=28851&cate_no=1019&display_group=1
196,245,isoi Acni Dr. Trial Kit,20.0,17.0,https://jolse.com/product/detail.html?product_no=28850&cate_no=1019&display_group=1
197,246,Real Barrier Cicarelief Toner 190ml,31.2,26.52,https://jolse.com/product/detail.html?product_no=28821&cate_no=1019&display_group=1
198,247,Real Barrier Control-T Toner 190ml,28.8,24.48,https://jolse.com/product/detail.html?product_no=28816&cate_no=1019&display_group=1
199,248,SCINIC The Simple Calming Toner 145ml,18.0,15.3,https://jolse.com/product/detail.html?product_no=28809&cate_no=1019&display_group=1
200,249,SCINIC Snail Matrix Skin 150ml,20.0,17.0,https://jolse.com/product/detail.html?product_no=28803&cate_no=1019&display_group=1
201,250,SCINIC Cicanoid Toner 150ml,20.0,17.0,https://jolse.com/product/detail.html?product_no=28786&cate_no=1019&display_group=1
202,251,SCINIC First Treatment Mist 120ml,17.0,14.45,https://jolse.com/product/detail.html?product_no=28782&cate_no=1019&display_group=1
203,252,SCINIC Hyaluronic Acid First Skin Essence 500ml,32.0,27.2,https://jolse.com/product/detail.html?product_no=28771&cate_no=1019&display_group=1
204,253,SCINIC Hyaluronic Acid Ampoule Skin 150ml,18.0,15.3,https://jolse.com/product/detail.html?product_no=28768&cate_no=1019&display_group=1
205,254,SCINIC Super Moist Essence Water 200ml,20.0,17.0,https://jolse.com/product/detail.html?product_no=28756&cate_no=1019&display_group=1
206,255,SKIN1004 Madagascar Centella Toning Toner 210ml,20.0,14.0,https://jolse.com/product/detail.html?product_no=28744&cate_no=1019&display_group=1
207,256,VONIN The Character Skin & Emulsion Set,35.7,30.34,https://jolse.com/product/detail.html?product_no=28719&cate_no=1019&display_group=1
208,257,VONIN Majesta Recovery Fluid 150ml,57.13,48.56,https://jolse.com/product/detail.html?product_no=28716&cate_no=1019&display_group=1
209,258,VONIN The Style Standard Toner & Emulsion Set,42.84,36.41,https://jolse.com/product/detail.html?product_no=28712&cate_no=1019&display_group=1
210,259,VONIN The Style Standard Toner 135ml,22.13,18.81,https://jolse.com/product/detail.html?product_no=28708&cate_no=1019&display_group=1
211,260,Derma Lift Milderm Hyaluronic Toner Special Set,35.75,30.39,https://jolse.com/product/detail.html?product_no=28673&cate_no=1019&display_group=1
212,261,Derma Lift Intensiderm Rich Toner Special Set,41.47,35.25,https://jolse.com/product/detail.html?product_no=28669&cate_no=1019&display_group=1
213,262,SOME BY MI Yuja Niacin 30 Days Brightening Starter Kit,28.0,23.8,https://jolse.com/product/detail.html?product_no=28389&cate_no=1019&display_group=1
214,263,SOME BY MI Yuja Niacin Brightening Toner 150ml,24.0,20.4,https://jolse.com/product/detail.html?product_no=28380&cate_no=1019&display_group=1
215,264,CAREZONE Derma Milk-Hyaluronic Cream Skin Set,27.13,23.06,https://jolse.com/product/detail.html?product_no=28314&cate_no=1019&display_group=1
216,265,CAREZONE Nordenau Water Toner 170ml,22.84,19.41,https://jolse.com/product/detail.html?product_no=28281&cate_no=1019&display_group=1
217,266,CAREZONE A-Cure Clarifying Toner EX 170ml,22.84,19.41,https://jolse.com/product/detail.html?product_no=28272&cate_no=1019&display_group=1
218,267,ISA KNOX Crystal Aging Comforting Toner 150ml,36.65,25.65,https://jolse.com/product/detail.html?product_no=28248&cate_no=1019&display_group=1
219,268,ISA KNOX Age Focus Phyto Pro-Retinol Toner 160ml,41.65,29.15,https://jolse.com/product/detail.html?product_no=28239&cate_no=1019&display_group=1
220,269,ISA KNOX Age Focus Prime Double Effect Ampoule Skin 160ml,39.98,27.99,https://jolse.com/product/detail.html?product_no=28236&cate_no=1019&display_group=1
221,270,ISA KNOX TE'RVINA The Golden Original solution 130ml,83.32,58.32,https://jolse.com/product/detail.html?product_no=28222&cate_no=1019&display_group=1
222,271,WELLAGE Real Hyaluronic Capsule Serum Special Set,42.0,35.7,https://jolse.com/product/detail.html?product_no=28208&cate_no=1019&display_group=1
223,272,MISSHA Su:nhada Calendula pH 5.5 Soothing Mist 100ml,14.16,12.04,https://jolse.com/product/detail.html?product_no=28157&cate_no=1019&display_group=1
224,273,MISSHA Su:nhada Calendula pH 5.5 Soothing Toner 175ml,15.66,13.31,https://jolse.com/product/detail.html?product_no=28153&cate_no=1019&display_group=1
225,274,MISSHA Time Revolution Regenerating Royal Softener 150ml,26.16,22.24,https://jolse.com/product/detail.html?product_no=28148&cate_no=1019&display_group=1
226,275,MISSHA Vita C Plus Ascorbic Acid Brightening Toner 200ml,19.66,16.71,https://jolse.com/product/detail.html?product_no=28144&cate_no=1019&display_group=1
227,276,goodal Apple Aha Clearing Toner 300ml,25.0,21.25,https://jolse.com/product/detail.html?product_no=28131&cate_no=1019&display_group=1
228,277,goodal Apple Aha Clearing Pad 70ea,25.0,21.25,https://jolse.com/product/detail.html?product_no=28130&cate_no=1019&display_group=1
229,278,innisfree Brightening Pore Skin 150ml,25.43,19.07,https://jolse.com/product/detail.html?product_no=28116&cate_no=1019&display_group=1
230,279,Holika Holika Prime Youth 24K Gold Repair Toner 120ml,60.16,51.14,https://jolse.com/product/detail.html?product_no=28079&cate_no=1019&display_group=1
231,280,Dr.Belmeur Cleanface Mild Toner 145ml,17.66,15.01,https://jolse.com/product/detail.html?product_no=28060&cate_no=1019&display_group=1
232,281,d'Alba Peptide No Sebum Balancing Toner 145ml,35.0,29.75,https://jolse.com/product/detail.html?product_no=27970&cate_no=1019&display_group=1
233,282,the SAEM Natural Daily Skin Clearing Toner 500ml,23.16,19.69,https://jolse.com/product/detail.html?product_no=27956&cate_no=1019&display_group=1
234,283,ETUDE HOUSE Real Propolis Water Treatment 170ml,33.29,28.3,https://jolse.com/product/detail.html?product_no=27950&cate_no=1019&display_group=1
235,284,ROUND LAB 1025 Dokdo Pad 70ea,24.0,13.99,https://jolse.com/product/detail.html?product_no=27935&cate_no=1019&display_group=1
236,285,NACIFIC Fresh Herb Origin Kit,42.0,35.7,https://jolse.com/product/detail.html?product_no=27932&cate_no=1019&display_group=1
237,286,NACIFIC Phyto Niacin Whitening Kit,42.0,35.7,https://jolse.com/product/detail.html?product_no=27928&cate_no=1019&display_group=1
238,287,Sooryehan Hyobidam Fermented Skin Toner 150ml,34.3,23.99,https://jolse.com/product/detail.html?product_no=27920&cate_no=1019&display_group=1
239,288,MISSHA Bee Pollen Renew Ampoule Skin 150ml,22.16,18.84,https://jolse.com/product/detail.html?product_no=27884&cate_no=1019&display_group=1
240,289,VILLAGE 11 FACTORY Moisture Toner 120ml,14.28,12.14,https://jolse.com/product/detail.html?product_no=27849&cate_no=1019&display_group=1
241,290,SAM'U PH Sensitive Toner 130ml,25.0,0.0,https://jolse.com/product/detail.html?product_no=27843&cate_no=1019&display_group=1
242,291,BEYOND Acnature Healing Toner 150ml,33.4,28.39,https://jolse.com/product/detail.html?product_no=27675&cate_no=1019&display_group=1
243,292,BEYOND Lotus Aqua Bloom Toner 190ml,22.6,19.21,https://jolse.com/product/detail.html?product_no=27671&cate_no=1019&display_group=1
244,293,BEYOND Phyto Aqua Toner 150ml,39.4,33.49,https://jolse.com/product/detail.html?product_no=27666&cate_no=1019&display_group=1
245,294,BEYOND Angel Aqua Daily Big Toner 500ml,27.0,22.95,https://jolse.com/product/detail.html?product_no=27663&cate_no=1019&display_group=1
246,295,NEOGEN H2 Dermadeca Serum Spray 120ml,19.0,0.0,https://jolse.com/product/detail.html?product_no=27622&cate_no=1019&display_group=1
247,296,celimax The Real Sedum Aqua Shield Mist 50ml,14.0,11.9,https://jolse.com/product/detail.html?product_no=27618&cate_no=1019&display_group=1
248,297,celimax The Real Noni Energy Ampoule Mist 50ml,16.0,13.6,https://jolse.com/product/detail.html?product_no=27617&cate_no=1019&display_group=1
249,298,celimax The Real Noni Moisture Balancing Toner 150ml,25.0,21.25,https://jolse.com/product/detail.html?product_no=27616&cate_no=1019&display_group=1
250,299,FROM NATURE Aloevera 98% Soothing Gel Mist 120ml,10.0,8.5,https://jolse.com/product/detail.html?product_no=27324&cate_no=1019&display_group=1
251,300,A'PIEU Lactobacillus Moisturizing Toner 210ml,26.98,24.28,https://jolse.com/product/detail.html?product_no=27228&cate_no=1019&display_group=1
252,301,FROM NATURE Aloevera 98% Moisture Soothing Skin 150ml,17.0,14.45,https://jolse.com/product/detail.html?product_no=27194&cate_no=1019&display_group=1
253,302,BE PLAIN Chamomile pH-Balanced Toner 190ml,24.0,20.4,https://jolse.com/product/detail.html?product_no=27012&cate_no=1019&display_group=1
254,303,RiRe Hydro Cream Mist 80ml,17.0,14.45,https://jolse.com/product/detail.html?product_no=26966&cate_no=1019&display_group=1
255,304,RiRe Pore Tightening Fresh Toner 300ml,18.0,15.3,https://jolse.com/product/detail.html?product_no=26938&cate_no=1019&display_group=1
256,305,RiRe All Kill Toner Pad 70ea,15.5,13.17,https://jolse.com/product/detail.html?product_no=26928&cate_no=1019&display_group=1
257,306,Isntree Spot Saver Mugwort Toner Pads 60pcs,29.86,19.99,https://jolse.com/product/detail.html?product_no=26903&cate_no=1019&display_group=1
258,307,Gilla8 Tea Tree Cica Extra Calming Facial Toner 300ml,32.0,22.4,https://jolse.com/product/detail.html?product_no=26781&cate_no=1019&display_group=1
259,308,Gilla8 Damask Rose Extra Radiance Facial Toner 300ml,32.0,22.4,https://jolse.com/product/detail.html?product_no=26780&cate_no=1019&display_group=1
260,309,Commleaf Skin Relief Soothing Toner 120ml,35.0,29.75,https://jolse.com/product/detail.html?product_no=26763&cate_no=1019&display_group=1
261,310,Dr.Jart+ Ctrl-A Teatreement Toner 120ml,22.0,12.99,https://jolse.com/product/detail.html?product_no=26751&cate_no=1019&display_group=1
262,311,It's skin Cream In Skin 150ml,26.0,22.1,https://jolse.com/product/detail.html?product_no=26745&cate_no=1019&display_group=1
263,312,It's skin Power 10 Formula Mist 80ml,15.3,13.0,https://jolse.com/product/detail.html?product_no=26729&cate_no=1019&display_group=1
264,313,ROVECTIN Cica Care Purifying Toner 260ml,24.0,20.4,https://jolse.com/product/detail.html?product_no=26116&cate_no=1019&display_group=1
265,314,ROVECTIN Skin Essentials Activating Treatment Lotion 100ml,19.0,16.15,https://jolse.com/product/detail.html?product_no=26109&cate_no=1019&display_group=1
266,315,ROVECTIN Skin Essentials Activating Treatment Lotion 180ml,29.0,24.65,https://jolse.com/product/detail.html?product_no=26108&cate_no=1019&display_group=1
267,316,Skin Watchers Green Snail Intensive Toner 150ml,28.0,23.8,https://jolse.com/product/detail.html?product_no=26061&cate_no=1019&display_group=1
268,317,Benton PHA Peeling Toner 150ml,26.0,22.1,https://jolse.com/product/detail.html?product_no=26051&cate_no=1019&display_group=1
269,318,Benton Cacao Moist and Mild Toner 150ml,20.0,17.0,https://jolse.com/product/detail.html?product_no=26048&cate_no=1019&display_group=1
270,319,2NDESIGN First Toner Essence 200ml,15.0,12.75,https://jolse.com/product/detail.html?product_no=26042&cate_no=1019&display_group=1
271,320,2NDESIGN First Toner Clear 200ml,14.0,11.9,https://jolse.com/product/detail.html?product_no=26041&cate_no=1019&display_group=1
272,321,AGATHA Optimum Plus Skin Balancing Toner 100ml,30.0,25.5,https://jolse.com/product/detail.html?product_no=25889&cate_no=1019&display_group=1
273,322,SOME BY MI Snail Truecica Miracle Repair Starter Kit Edition,28.0,23.8,https://jolse.com/product/detail.html?product_no=25865&cate_no=1019&display_group=1
274,323,Aromatica Vitalizing Rosemary Decoction Toner 300ml,24.0,20.4,https://jolse.com/product/detail.html?product_no=25848&cate_no=1019&display_group=1
275,324,Aromatica Reviving Rose Infusion Treatment Toner 200ml,42.0,35.7,https://jolse.com/product/detail.html?product_no=25845&cate_no=1019&display_group=1
276,325,HOLIKA HOLIKA TerraCotta Edition Hard Cover Fixing Mist 120ml,21.16,17.99,https://jolse.com/product/detail.html?product_no=25830&cate_no=1019&display_group=1
277,326,BLITHE INBETWEEN Aurora Second Skin Primer & Setting Mist 82ml,28.0,23.8,https://jolse.com/product/detail.html?product_no=25813&cate_no=1019&display_group=1
278,327,HOLIKA HOLIKA Black Caviar Anti-Wrinkle Skin 120ml,19.16,16.29,https://jolse.com/product/detail.html?product_no=25782&cate_no=1019&display_group=1
279,328,HOLIKA HOLIKA Less On Skin Toner 180ml,20.66,17.56,https://jolse.com/product/detail.html?product_no=25505&cate_no=1019&display_group=1
280,329,TONYMOLY Beauty Award Winner's Kit,32.98,28.03,https://jolse.com/product/detail.html?product_no=25504&cate_no=1019&display_group=1
281,330,WellDerma G Plus Embellsih Essence Water 150ml,22.0,15.4,https://jolse.com/product/detail.html?product_no=24778&cate_no=1019&display_group=1
282,331,HOLIKA HOLIKA Mechnikov's Probiotics Formula Hydrating Toner 133ml + 7g,32.66,27.76,https://jolse.com/product/detail.html?product_no=24617&cate_no=1019&display_group=1
283,332,Neulii Derma Ectocica 11 Toner 125ml,16.32,13.87,https://jolse.com/product/detail.html?product_no=24604&cate_no=1019&display_group=1
284,333,MIZON Snail Line Miniature Set,29.53,20.67,https://jolse.com/product/detail.html?product_no=24584&cate_no=1019&display_group=1
285,334,MIZON Snail Repair Intensive Toner 100ml,24.13,16.89,https://jolse.com/product/detail.html?product_no=24573&cate_no=1019&display_group=1
286,335,MIZON AHA&BHA Daily Clean Toner 150ml,22.66,15.86,https://jolse.com/product/detail.html?product_no=24571&cate_no=1019&display_group=1
287,336,BONAJOUR No Sebum Bbosong Mist 50ml,18.82,16.0,https://jolse.com/product/detail.html?product_no=24468&cate_no=1019&display_group=1
288,337,BONAJOUR Green Tea Water Bomb Toner 205ml,21.18,18.0,https://jolse.com/product/detail.html?product_no=24466&cate_no=1019&display_group=1
289,338,BONAJOUR Eggplant BHA Daily Toner 205ml,23.53,20.0,https://jolse.com/product/detail.html?product_no=24464&cate_no=1019&display_group=1
290,339,BONAJOUR Elf Skin 150ml,21.18,18.0,https://jolse.com/product/detail.html?product_no=24459&cate_no=1019&display_group=1
291,340,ONSAEMEEIN Hyaluronic Acid Two Face Toner 150ml,22.0,18.7,https://jolse.com/product/detail.html?product_no=24402&cate_no=1019&display_group=1
292,341,MISSHA Glow Skin Balm To Go Mist 80ml,21.48,18.26,https://jolse.com/product/detail.html?product_no=24312&cate_no=1019&display_group=1
293,342,DPC Master Plan Balancing Core Toner 120ml,29.0,24.65,https://jolse.com/product/detail.html?product_no=24291&cate_no=1019&display_group=1
294,343,DMCK Pink Rose Sparkling Mist 80ml,18.0,12.6,https://jolse.com/product/detail.html?product_no=24209&cate_no=1019&display_group=1
295,344,DMCK Blue Ocean Sparkling Mist 80ml,18.0,12.6,https://jolse.com/product/detail.html?product_no=24208&cate_no=1019&display_group=1
296,345,DMCK Snail Toner 500ml,37.0,25.9,https://jolse.com/product/detail.html?product_no=24207&cate_no=1019&display_group=1
297,346,DMCK Clean Ac Mist 100ml,33.0,23.1,https://jolse.com/product/detail.html?product_no=24206&cate_no=1019&display_group=1
298,347,DMCK Tea Tree Ac Toner 500ml,37.0,25.9,https://jolse.com/product/detail.html?product_no=24205&cate_no=1019&display_group=1
299,348,DMCK Seaweed Hydra Toner 500ml,37.0,25.9,https://jolse.com/product/detail.html?product_no=24204&cate_no=1019&display_group=1
300,349,DMCK Marine Essence Toner 200ml,31.0,21.7,https://jolse.com/product/detail.html?product_no=24203&cate_no=1019&display_group=1
301,350,Grunersee Tea Tree Calming 5.5 Toner Pad 70ea,25.0,21.25,https://jolse.com/product/detail.html?product_no=24195&cate_no=1019&display_group=1
302,351,Grunersee Tea Tree Calming 5.5 Toner 210g,20.0,17.0,https://jolse.com/product/detail.html?product_no=24188&cate_no=1019&display_group=1
303,352,Grunersee Calendula Charging 5.5 Toner 210g,20.0,17.0,https://jolse.com/product/detail.html?product_no=23961&cate_no=1019&display_group=1
304,353,Grunersee Jeju Lava Seawater Aqua Toner 130ml,26.0,22.1,https://jolse.com/product/detail.html?product_no=23959&cate_no=1019&display_group=1
305,354,Centellian24 Madeca Facial Toner 300ml,36.32,30.87,https://jolse.com/product/detail.html?product_no=23947&cate_no=1019&display_group=1
306,355,AMPLE:N Ceramide Shot Ampoule Mist 80ml,21.0,17.85,https://jolse.com/product/detail.html?product_no=23899&cate_no=1019&display_group=1
307,356,AMPLE:N Hyaluron Shot Homme Set,55.0,46.75,https://jolse.com/product/detail.html?product_no=23876&cate_no=1019&display_group=1
308,357,AMPLE:N Hyaluron Shot Toner 220ml,30.0,25.5,https://jolse.com/product/detail.html?product_no=23863&cate_no=1019&display_group=1
309,358,berrisom Essential Boosting Toner 265ml,17.0,14.45,https://jolse.com/product/detail.html?product_no=23805&cate_no=1019&display_group=1
310,359,berrisom Collagen Intensive Firming Gel Toner 130ml,28.0,23.8,https://jolse.com/product/detail.html?product_no=23799&cate_no=1019&display_group=1
311,360,preange Skin Care Set,43.0,36.55,https://jolse.com/product/detail.html?product_no=23793&cate_no=1019&display_group=1
312,361,preange Angelica Toner Quick Calming Pad 5ea,12.0,10.2,https://jolse.com/product/detail.html?product_no=23792&cate_no=1019&display_group=1
313,362,preange Angelica Toner Quick Calming Pad 1ea,4.0,3.4,https://jolse.com/product/detail.html?product_no=23791&cate_no=1019&display_group=1
314,363,preange Angelica Toner 170ml,22.0,18.7,https://jolse.com/product/detail.html?product_no=23787&cate_no=1019&display_group=1
315,364,Neulii AC Clean Saver Toner 100ml,17.0,14.45,https://jolse.com/product/detail.html?product_no=23771&cate_no=1019&display_group=1
316,365,isoi Bulgarian Rose Laser White Tonic Essence 130ml,37.0,31.45,https://jolse.com/product/detail.html?product_no=23723&cate_no=1019&display_group=1
317,366,isoi Bulgarian Rose Pore Tightening Tonic Essence 130ml,37.0,31.45,https://jolse.com/product/detail.html?product_no=23713&cate_no=1019&display_group=1
318,367,"Logically, Skin 10 Days Trial Kit",30.0,25.5,https://jolse.com/product/detail.html?product_no=23706&cate_no=1019&display_group=1
319,368,"isoi Toner, A Bottled Oasis For Your Skin 130ml",29.8,25.33,https://jolse.com/product/detail.html?product_no=23683&cate_no=1019&display_group=1
320,369,MISSHA Tonight Brilliance Boosting Essence 120ml,41.48,35.26,https://jolse.com/product/detail.html?product_no=23679&cate_no=1019&display_group=1
321,370,isoi ACNI Dr. 1st Control Tonic 130ml,33.0,28.05,https://jolse.com/product/detail.html?product_no=23665&cate_no=1019&display_group=1
322,371,isoi Bulgarian Rose Waterfull Mist 55ml,17.0,14.45,https://jolse.com/product/detail.html?product_no=23660&cate_no=1019&display_group=1
323,372,isoi Bulgarian Rose Moisture Tonic Essence 130ml,33.0,28.05,https://jolse.com/product/detail.html?product_no=23654&cate_no=1019&display_group=1
324,373,isoi Bulgarian Rose Blemish Care Tonic Essence 130ml,37.0,31.45,https://jolse.com/product/detail.html?product_no=23643&cate_no=1019&display_group=1
325,374,peripera Sparkling Toktok Time Toner Pad 60ea,17.8,12.44,https://jolse.com/product/detail.html?product_no=23568&cate_no=1019&display_group=1
326,375,innisfree Bija Cica Mist 80ml,18.25,13.32,https://jolse.com/product/detail.html?product_no=23487&cate_no=1019&display_group=1
327,376,ETUDE HOUSE Moistfull Collagen Facial Toner 200ml,18.83,16.01,https://jolse.com/product/detail.html?product_no=23478&cate_no=1019&display_group=1
328,377,skin79 Jeju Aloe Aqua Toner 150ml,14.0,11.9,https://jolse.com/product/detail.html?product_no=22914&cate_no=1019&display_group=1
329,378,skin79 Golden Snail Intensive Toner 130ml,27.0,22.95,https://jolse.com/product/detail.html?product_no=22901&cate_no=1019&display_group=1
330,379,CHARMZONE DeAGE Red-Addition Skin Toner + Emulsion Set,47.12,40.05,https://jolse.com/product/detail.html?product_no=22801&cate_no=1019&display_group=1
331,380,CHARMZONE DeAGE Red-Addition Skin Toner 130ml,22.84,19.41,https://jolse.com/product/detail.html?product_no=22793&cate_no=1019&display_group=1
332,381,innisfree Olive Real Oil Mist EX 80ml,13.69,9.99,https://jolse.com/product/detail.html?product_no=22770&cate_no=1019&display_group=1
333,382,so natural Cera Plus Peptide Toner Essence 120ml,40.18,28.09,https://jolse.com/product/detail.html?product_no=22713&cate_no=1019&display_group=1
334,383,innisfree Veggie Water Toning Mist 120ml,18.89,13.79,https://jolse.com/product/detail.html?product_no=22673&cate_no=1019&display_group=1
335,384,HYGGEE All-In-One Mist 100ml,26.0,10.99,https://jolse.com/product/detail.html?product_no=22652&cate_no=1019&display_group=1
336,385,MISSHA Actibarrier Strong Moist pH Toner 220ml,21.66,18.41,https://jolse.com/product/detail.html?product_no=22644&cate_no=1019&display_group=1
337,386,CELDERMA daily Mild Peeling Water 500ml,24.0,20.4,https://jolse.com/product/detail.html?product_no=22598&cate_no=1019&display_group=1
338,387,Isntree Hyaluronic Acid Toner 400ml (Renewal),34.27,24.99,https://jolse.com/product/detail.html?product_no=22569&cate_no=1019&display_group=1
339,388,Isntree Hyaluronic Acid Toner Plus 200ml,23.64,16.99,https://jolse.com/product/detail.html?product_no=22561&cate_no=1019&display_group=1
340,389,ALIVE:LAB Multi ICE Water 125ml,12.0,10.2,https://jolse.com/product/detail.html?product_no=22544&cate_no=1019&display_group=1
341,390,BY ECOM Pure Calming First Water 210ml,37.0,31.45,https://jolse.com/product/detail.html?product_no=22543&cate_no=1019&display_group=1
342,391,MAY ISLAND 7 Days Secret Vita Plus-10 Toner 155ml,16.5,14.02,https://jolse.com/product/detail.html?product_no=22534&cate_no=1019&display_group=1
343,392,SON&PARK BEAUTY WATER Set (340ml + 60ml),32.92,27.98,https://jolse.com/product/detail.html?product_no=22533&cate_no=1019&display_group=1
344,393,CAOLION PEACE WATER Aqua Essence Mist 140ml,25.0,21.25,https://jolse.com/product/detail.html?product_no=22477&cate_no=1019&display_group=1
345,394,THE LAB by blanc doux Oligo Hyaluronic Acid 5000 Toner 200ml,21.0,17.85,https://jolse.com/product/detail.html?product_no=22475&cate_no=1019&display_group=1
346,395,THE LAB by blanc doux Oligo Hyaluronic Acid 5000 Toner 500ml,34.0,28.9,https://jolse.com/product/detail.html?product_no=22474&cate_no=1019&display_group=1
347,396,THE LAB by blanc doux Oligo Hyaluronic Acid 7 Multi-formula Pad 120g,28.0,12.99,https://jolse.com/product/detail.html?product_no=22472&cate_no=1019&display_group=1
348,397,CAOLION Pore Deep Toner Set,33.0,28.05,https://jolse.com/product/detail.html?product_no=22454&cate_no=1019&display_group=1
349,398,SHANGPREE Gold Essence Toner 120ml,38.0,32.3,https://jolse.com/product/detail.html?product_no=22357&cate_no=1019&display_group=1
350,399,TONYMOLY The Chok Chok Green Tea Watery Set,36.57,31.08,https://jolse.com/product/detail.html?product_no=21933&cate_no=1019&display_group=1
351,400,Cell Fusion C Tre.AC pH Condition Toner 200ml,24.0,20.4,https://jolse.com/product/detail.html?product_no=21792&cate_no=1019&display_group=1
352,401,ATRUE Origin pH Balancing Toner 300ml,28.0,23.8,https://jolse.com/product/detail.html?product_no=21774&cate_no=1019&display_group=1
353,402,ATRUE Violet Petal Black Tea Hydrating Toner 180ml,29.0,24.65,https://jolse.com/product/detail.html?product_no=21764&cate_no=1019&display_group=1
354,403,Dr.Ceuracle Hyal Reyouth Toner 120ml,28.0,19.18,https://jolse.com/product/detail.html?product_no=21575&cate_no=1019&display_group=1
355,404,heimish Refresh Water 250ml,22.0,18.7,https://jolse.com/product/detail.html?product_no=21341&cate_no=1019&display_group=1
356,405,Troiareuke Healing Cocktail Ampoule Toner 70ml,48.0,40.8,https://jolse.com/product/detail.html?product_no=21261&cate_no=1019&display_group=1
357,406,Troiareuke Healing Cocktail Ampoule Toner 200ml,100.0,85.0,https://jolse.com/product/detail.html?product_no=21250&cate_no=1019&display_group=1
358,407,KEEP COOL Soothe Bamboo Toner 160ml,17.0,14.45,https://jolse.com/product/detail.html?product_no=21108&cate_no=1019&display_group=1
359,408,innisfree Blueberry Rebalancing Skin 150ml,18.6,9.86,https://jolse.com/product/detail.html?product_no=20715&cate_no=1019&display_group=1
360,409,skin79 Ceranolin Peeling Toner 130ml,18.56,15.78,https://jolse.com/product/detail.html?product_no=20696&cate_no=1019&display_group=1
361,410,skin79 Ceranolin Toner 130ml,18.56,15.78,https://jolse.com/product/detail.html?product_no=20695&cate_no=1019&display_group=1
362,411,KLAVUU White Pearlsation Revitalizing Pearl Treatment Toner 140ml,38.0,32.3,https://jolse.com/product/detail.html?product_no=20677&cate_no=1019&display_group=1
363,412,Dr.Ceuracle Tea Tree Purifine 70 Toner 100ml,28.0,19.18,https://jolse.com/product/detail.html?product_no=20580&cate_no=1019&display_group=1
364,413,SWANICOCO A.C Control Care Skintoner 120ml,32.94,28.0,https://jolse.com/product/detail.html?product_no=20197&cate_no=1019&display_group=1
365,414,SWANICOCO Fermentation Snail Care Skintoner 120ml,23.53,20.0,https://jolse.com/product/detail.html?product_no=20195&cate_no=1019&display_group=1
366,415,PETITFEE Azulene Ultra Soothing Pads 70ea,32.5,27.62,https://jolse.com/product/detail.html?product_no=20169&cate_no=1019&display_group=1
367,416,TONYMOLY Bling Cat Balancing Skin 150ml,14.98,12.73,https://jolse.com/product/detail.html?product_no=20084&cate_no=1019&display_group=1
368,417,innisfree Jeju Volcanic Pore Toner 2X 200ml,20.22,15.16,https://jolse.com/product/detail.html?product_no=20058&cate_no=1019&display_group=1
369,418,Benton Tea Tree Mist 80ml,19.0,16.15,https://jolse.com/product/detail.html?product_no=20046&cate_no=1019&display_group=1
370,419,MISSHA Super Aqua Ultra Hyalron Skin Essence 200ml,23.66,20.11,https://jolse.com/product/detail.html?product_no=19894&cate_no=1019&display_group=1
371,420,NACIFIC Fresh Cica Plus Clear Toner 150ml,20.5,17.42,https://jolse.com/product/detail.html?product_no=19714&cate_no=1019&display_group=1
372,421,ONSAEMEEIN Perfect Moisture Toner 200ml,17.0,14.45,https://jolse.com/product/detail.html?product_no=19695&cate_no=1019&display_group=1
373,422,innisfree Green Barley Peeling Toner 250ml,21.59,15.76,https://jolse.com/product/detail.html?product_no=19472&cate_no=1019&display_group=1
374,423,innisfree Green Tea Balancing Skin EX 200ml,22.58,15.35,https://jolse.com/product/detail.html?product_no=19460&cate_no=1019&display_group=1
375,424,Real Barrier Essence Mist 100ml,24.0,20.4,https://jolse.com/product/detail.html?product_no=19318&cate_no=1019&display_group=1
376,425,THANK YOU FARMER Miracle Age Repair Toner 150ml,40.0,34.0,https://jolse.com/product/detail.html?product_no=19011&cate_no=1019&display_group=1
377,426,THANK YOU FARMER True Water Vita Mist 105ml,24.0,20.4,https://jolse.com/product/detail.html?product_no=19010&cate_no=1019&display_group=1
378,427,THANK YOU FARMER True Water Light Toner 155ml,29.0,24.65,https://jolse.com/product/detail.html?product_no=19007&cate_no=1019&display_group=1
379,428,THANK YOU FARMER True Water Deep Toner 150ml,32.0,27.2,https://jolse.com/product/detail.html?product_no=19003&cate_no=1019&display_group=1
380,429,goodal Ampoule Mist 80ml,18.98,16.13,https://jolse.com/product/detail.html?product_no=18988&cate_no=1019&display_group=1
381,430,innisfree Green Tea Seed Skin 200ml,24.22,16.47,https://jolse.com/product/detail.html?product_no=18964&cate_no=1019&display_group=1
382,431,ROUND LAB Soybean Nourishing Toner 300ml,25.0,14.99,https://jolse.com/product/detail.html?product_no=18929&cate_no=1019&display_group=1
383,432,The History of Whoo Cheonyuldan Ultimate Rejuvenating Balancer 150ml,115.0,97.75,https://jolse.com/product/detail.html?product_no=18921&cate_no=1019&display_group=1
384,433,ROUND LAB Birch Juice Moisturizing Toner 300ml,25.0,14.99,https://jolse.com/product/detail.html?product_no=18920&cate_no=1019&display_group=1
385,434,MISSHA Cicadin Hydro pH Toner 165ml,17.16,11.99,https://jolse.com/product/detail.html?product_no=18898&cate_no=1019&display_group=1
386,435,SOME BY MI AHA BHA PHA 30 Days Miracle Starter Kit Edition,28.0,23.8,https://jolse.com/product/detail.html?product_no=18895&cate_no=1019&display_group=1
387,436,TONYMOLY The Chok Chok Green Tea Ampoule Mist 150ml,14.48,12.31,https://jolse.com/product/detail.html?product_no=18866&cate_no=1019&display_group=1
388,437,MAY COOP Bamboo Calming Dew 120ml,32.0,27.2,https://jolse.com/product/detail.html?product_no=18835&cate_no=1019&display_group=1
389,438,Dr.Belmeur Advanced Cica Toner 150ml,24.16,18.82,https://jolse.com/product/detail.html?product_no=18713&cate_no=1019&display_group=1
390,439,iUNIK Tea Tree Relief Toner 200ml,21.99,18.69,https://jolse.com/product/detail.html?product_no=18491&cate_no=1019&display_group=1
391,440,iUNIK Rose Galactomyces Essential Toner 200ml,21.99,18.69,https://jolse.com/product/detail.html?product_no=18488&cate_no=1019&display_group=1
392,441,MISSHA Vitamin B12 Double Hydrop Booster 195ml,20.66,17.56,https://jolse.com/product/detail.html?product_no=18390&cate_no=1019&display_group=1
393,442,MISSHA Bee Pollen Renew Treatment 150ml,21.66,18.41,https://jolse.com/product/detail.html?product_no=18387&cate_no=1019&display_group=1
394,443,ETUDE HOUSE Vita C Talk Boosting Water 150ml,22.34,18.99,https://jolse.com/product/detail.html?product_no=18317&cate_no=1019&display_group=1
395,444,O HUI Prime Advancer Skin Softener 150ml,55.98,47.58,https://jolse.com/product/detail.html?product_no=18224&cate_no=1019&display_group=1
396,445,O HUI The First Geniture Skin Softener 150ml,74.98,63.73,https://jolse.com/product/detail.html?product_no=18212&cate_no=1019&display_group=1
397,446,innisfree Green Tea Balancing Skin EX (7days) 10ml,6.66,4.2,https://jolse.com/product/detail.html?product_no=17877&cate_no=1019&display_group=1
398,447,innisfree Cauliflower Mushroom Vital Skin 200ml,30.98,20.76,https://jolse.com/product/detail.html?product_no=17873&cate_no=1019&display_group=1
399,448,HERA UV MIST CUSHION COVER SPF34/PA++  Refill 15g,21.98,18.68,https://jolse.com/product/detail.html?product_no=17867&cate_no=1019&display_group=1
400,449,COSRX AC Collection Calming Liquid Intensive 125ml,26.0,22.1,https://jolse.com/product/detail.html?product_no=17797&cate_no=1019&display_group=1
401,450,NATURE REPUBLIC Real Comforting Hyaluronic Water Toner 400ml,26.66,22.66,https://jolse.com/product/detail.html?product_no=17781&cate_no=1019&display_group=1
402,451,TONYMOLY The Black Tea London Classic Toner 160ml,27.57,23.43,https://jolse.com/product/detail.html?product_no=17630&cate_no=1019&display_group=1
403,452,Hanyul Mentha Trouble Toner 300ml,30.57,25.98,https://jolse.com/product/detail.html?product_no=17496&cate_no=1019&display_group=1
404,453,HanYul Geuk Jin Toner 150ml,58.57,49.78,https://jolse.com/product/detail.html?product_no=17460&cate_no=1019&display_group=1
405,454,KEEP COOL Soothe Bamboo Toner 350ml,30.0,25.5,https://jolse.com/product/detail.html?product_no=17454&cate_no=1019&display_group=1
406,455,TOAS Miracle Laser Skin Toner 150ml,37.0,31.45,https://jolse.com/product/detail.html?product_no=17445&cate_no=1019&display_group=1
407,456,A'PIEU Nonco Tea Tree Toner Tissue 20sheets,8.57,7.71,https://jolse.com/product/detail.html?product_no=17418&cate_no=1019&display_group=1
408,457,NACIFIC Fresh Herb Origin Cotton Toner 70ea,27.0,22.95,https://jolse.com/product/detail.html?product_no=16882&cate_no=1019&display_group=1
409,458,NACIFIC Glow Intensive Bubble Toner 145ml,26.0,22.1,https://jolse.com/product/detail.html?product_no=16880&cate_no=1019&display_group=1
410,459,NACIFIC Phyto Niacin Whitening Toner 150ml,26.0,22.1,https://jolse.com/product/detail.html?product_no=16879&cate_no=1019&display_group=1
411,460,NACIFIC Real Rose Floral Toner 180ml,26.0,22.1,https://jolse.com/product/detail.html?product_no=16878&cate_no=1019&display_group=1
412,461,NACIFIC Fresh Herb Origin Toner 150ml,26.0,22.1,https://jolse.com/product/detail.html?product_no=16876&cate_no=1019&display_group=1
413,462,Dr.Jart+ Ceramidin Liquid 150ml,39.0,19.99,https://jolse.com/product/detail.html?product_no=16860&cate_no=1019&display_group=1
414,463,CNP Laboratory Invisible Peeling Booster 100ml,38.4,28.8,https://jolse.com/product/detail.html?product_no=16832&cate_no=1019&display_group=1
415,464,CNP Laboratory Aqua Soothing Toner Special Set 200ml,32.0,24.0,https://jolse.com/product/detail.html?product_no=16831&cate_no=1019&display_group=1
416,465,IOPE Derma Trouble Toner 200ml,29.66,25.21,https://jolse.com/product/detail.html?product_no=16406&cate_no=1019&display_group=1
417,466,the SAEM Calamansi Pore Freshner 270ml,17.66,15.01,https://jolse.com/product/detail.html?product_no=16375&cate_no=1019&display_group=1
418,467,KEEP COOL Shine Fixence Mist 60ml,10.0,8.5,https://jolse.com/product/detail.html?product_no=16353&cate_no=1019&display_group=1
419,468,KEEP COOL Ocean Fixence Mist 60ml,10.0,8.5,https://jolse.com/product/detail.html?product_no=16352&cate_no=1019&display_group=1
420,469,TIAM Centella Face Calming Toner 180ml,18.2,15.47,https://jolse.com/product/detail.html?product_no=16334&cate_no=1019&display_group=1
421,470,MAMONDE Rose Water Toner Pad 40ea,14.98,12.73,https://jolse.com/product/detail.html?product_no=16010&cate_no=1019&display_group=1
422,471,MAMONDE Rose Water Toner 500ml,30.98,26.33,https://jolse.com/product/detail.html?product_no=16003&cate_no=1019&display_group=1
423,472,MAMONDE Chamomile pure toner 250ml,18.48,15.71,https://jolse.com/product/detail.html?product_no=15997&cate_no=1019&display_group=1
424,473,MAMONDE Aqua Peel Toner 250ml,18.48,15.71,https://jolse.com/product/detail.html?product_no=15993&cate_no=1019&display_group=1
425,474,Isntree Sensitve Balancing Thermal Toner 200ml,20.92,14.99,https://jolse.com/product/detail.html?product_no=15756&cate_no=1019&display_group=1
426,475,Isntree Green tea Fresh Toner 200ml,21.56,13.99,https://jolse.com/product/detail.html?product_no=15753&cate_no=1019&display_group=1
427,476,Isntree Aloe Soothing Toner 200ml,21.56,14.99,https://jolse.com/product/detail.html?product_no=15749&cate_no=1019&display_group=1
428,477,HERA UV MIST CUSHION ULTRA MOISTURE SPF34/PA++ 15g + Refill 15g,47.66,40.51,https://jolse.com/product/detail.html?product_no=15728&cate_no=1019&display_group=1
429,478,HERA UV MIST CUSHION COVER  SPF34/PA++ 15g + Refill 15g,47.66,40.51,https://jolse.com/product/detail.html?product_no=15727&cate_no=1019&display_group=1
430,479,A'PIEU Raspberry Vinegar Hair Mist 105ml,16.07,14.46,https://jolse.com/product/detail.html?product_no=15720&cate_no=1019&display_group=1
431,480,NATURE REPUBLIC Argan Essential Moist Hair Mist 220ml,16.16,13.74,https://jolse.com/product/detail.html?product_no=15706&cate_no=1019&display_group=1
432,481,Wish Formula Fermented Hydra Essential Toner 180ml,25.26,21.47,https://jolse.com/product/detail.html?product_no=15656&cate_no=1019&display_group=1
433,482,the SAEM Mervie Aquaura Toner 150ml,29.16,24.79,https://jolse.com/product/detail.html?product_no=15566&cate_no=1019&display_group=1
434,483,the SAEM Derma Plan Soothing Toner 155ml,24.16,20.54,https://jolse.com/product/detail.html?product_no=15560&cate_no=1019&display_group=1
435,484,the SAEM Derma Plan Peeling Toner Pad 70ea,24.16,20.54,https://jolse.com/product/detail.html?product_no=15559&cate_no=1019&display_group=1
436,485,TONYMOLY Bio Ex Homme Skin 130ml,23.48,19.96,https://jolse.com/product/detail.html?product_no=15242&cate_no=1019&display_group=1
437,486,innisfree Oat Mild Moisture Skin 150ml,18.6,9.86,https://jolse.com/product/detail.html?product_no=15169&cate_no=1019&display_group=1
438,487,BLITHE VItal Treatment 9 Essential Seeds 150ml,40.8,34.68,https://jolse.com/product/detail.html?product_no=15116&cate_no=1019&display_group=1
439,488,DERMATORY Hypoallergenic Moisturizing Toner 300ml,22.98,19.53,https://jolse.com/product/detail.html?product_no=14987&cate_no=1019&display_group=1
440,489,DERMATORY Hypoallergenic Cica Rescue Gauze Pad 60ea,22.98,19.53,https://jolse.com/product/detail.html?product_no=14979&cate_no=1019&display_group=1
441,490,NATUREKIND Clear Pads 70ea,18.0,15.3,https://jolse.com/product/detail.html?product_no=14760&cate_no=1019&display_group=1
442,491,TOSOWOONG SOS Tightening PORE Clinic Witch Hazel Pore Toner 80ml,22.0,18.7,https://jolse.com/product/detail.html?product_no=14378&cate_no=1019&display_group=1
443,492,TOSOWOONG SOS TIghtening PORE Clinic All-In-One Tightening Pore Pads 70ea,25.91,22.02,https://jolse.com/product/detail.html?product_no=14340&cate_no=1019&display_group=1
444,493,TOSOWOONG SOS Intensive RED Clinic Ovalicin Skin Clear Toner 80ml,21.51,18.28,https://jolse.com/product/detail.html?product_no=14319&cate_no=1019&display_group=1
445,494,Skin Watchers All New Ceramizing Toner 140ml,22.0,18.7,https://jolse.com/product/detail.html?product_no=14219&cate_no=1019&display_group=1
446,495,NATURE REPUBLIC Cell Power Essential Skin 120ml,28.66,24.36,https://jolse.com/product/detail.html?product_no=14193&cate_no=1019&display_group=1
447,496,Mamonde Men Recharging Toner 180ml,18.98,16.13,https://jolse.com/product/detail.html?product_no=14185&cate_no=1019&display_group=1
448,497,Nightingale Toning Peeling Pads Tea Tree 50ea,17.63,14.99,https://jolse.com/product/detail.html?product_no=14167&cate_no=1019&display_group=1
449,498,Nightingale Toning Peeling Pads Honey 50ea,17.63,14.99,https://jolse.com/product/detail.html?product_no=14166&cate_no=1019&display_group=1
450,499,Nightingale Daily Derma Cleansing Pads Mild 70ea,19.98,16.98,https://jolse.com/product/detail.html?product_no=14165&cate_no=1019&display_group=1
451,500,Nightingale Daily Derma Astringent Fresh Peach 300ml,23.27,19.78,https://jolse.com/product/detail.html?product_no=14153&cate_no=1019&display_group=1
452,501,Nightingale Daily Derma Eraser Toner Aroma Rose 300ml,23.27,19.78,https://jolse.com/product/detail.html?product_no=14151&cate_no=1019&display_group=1
453,502,Nightingale Daily Derma Eraser Toner Mild 300ml,23.27,19.78,https://jolse.com/product/detail.html?product_no=14150&cate_no=1019&display_group=1
454,503,HOLIKA HOLIKA AC MILD Toner 200ml,21.16,17.99,https://jolse.com/product/detail.html?product_no=14142&cate_no=1019&display_group=1
455,504,ETUDE HOUSE All Caring Eraser Pad 60 pads,19.07,16.21,https://jolse.com/product/detail.html?product_no=14105&cate_no=1019&display_group=1
456,505,A'PIEU Nonco Mastic Balancing Moisturizer 195ml,21.53,19.38,https://jolse.com/product/detail.html?product_no=13853&cate_no=1019&display_group=1
457,506,MAY COOP Raw Sauce 150ml,43.0,36.55,https://jolse.com/product/detail.html?product_no=13751&cate_no=1019&display_group=1
458,507,TONYMOLY Wonder Ceramide Mocchi Toner 500ml,26.57,22.58,https://jolse.com/product/detail.html?product_no=13612&cate_no=1019&display_group=1
459,508,TONYMOLY BIO EX Cell Peptide Toner 130ml,31.57,26.83,https://jolse.com/product/detail.html?product_no=13468&cate_no=1019&display_group=1
460,509,su:m37 LosecSumma Elixir Skin Softner 150ml,100.0,69.9,https://jolse.com/product/detail.html?product_no=12935&cate_no=1019&display_group=1
461,510,MISSHA MISA Geum Sul Toner 145ml,29.16,24.79,https://jolse.com/product/detail.html?product_no=12866&cate_no=1019&display_group=1
462,511,HOLIKA HOLIKA Good Cera Super Ceramide Toner 180ml,20.16,17.14,https://jolse.com/product/detail.html?product_no=12786&cate_no=1019&display_group=1
463,512,HOLIKA HOLIKA Good Cera Super Ceramide Mist 120ml,18.76,15.95,https://jolse.com/product/detail.html?product_no=12785&cate_no=1019&display_group=1
464,513,secretKey Starting Treatment Aura Mist 100ml,19.0,16.15,https://jolse.com/product/detail.html?product_no=12510&cate_no=1019&display_group=1
465,514,secretKey Snail Repairing Toner 150ml,16.0,13.6,https://jolse.com/product/detail.html?product_no=12479&cate_no=1019&display_group=1
466,515,secretKey SYN-AKE Anti Wrinkle & Whitening Toner 150ml,28.0,23.8,https://jolse.com/product/detail.html?product_no=12474&cate_no=1019&display_group=1
467,516,secretKey Black Out Pore Clean Toner 250ml,15.0,12.75,https://jolse.com/product/detail.html?product_no=12468&cate_no=1019&display_group=1
468,517,Pyunkang Yul Mist Toner 100ml,14.31,12.16,https://jolse.com/product/detail.html?product_no=12371&cate_no=1019&display_group=1
469,518,Pyunkang Yul Mist Toner 200ml,22.1,18.78,https://jolse.com/product/detail.html?product_no=12370&cate_no=1019&display_group=1
470,519,Troiareuke ACSEN TOC Toner 100ml,38.0,32.3,https://jolse.com/product/detail.html?product_no=12097&cate_no=1019&display_group=1
471,520,The History of Whoo All In One Balancer 120ml,57.98,49.28,https://jolse.com/product/detail.html?product_no=12008&cate_no=1019&display_group=1
472,521,Wish Formula Optima 7 Pad 50sheets,18.18,15.45,https://jolse.com/product/detail.html?product_no=11833&cate_no=1019&display_group=1
473,522,Wish Formula Day Day 365 All In One Boosting Pad Mask 28pads,25.11,21.34,https://jolse.com/product/detail.html?product_no=11831&cate_no=1019&display_group=1
474,523,NAKEUP FACE Stress 0 Toner 500ml,26.9,22.86,https://jolse.com/product/detail.html?product_no=11510&cate_no=1019&display_group=1
475,524,Hope Girl REVITAL SNAIL TONER 145ml,27.0,22.95,https://jolse.com/product/detail.html?product_no=11475&cate_no=1019&display_group=1
476,525,Huxley TONER EXTRACT IT 120ml,32.0,24.98,https://jolse.com/product/detail.html?product_no=11455&cate_no=1019&display_group=1
477,526,HOLIKA HOLIKA Biotin Damage Care Oil Mist 120ml,11.66,9.91,https://jolse.com/product/detail.html?product_no=11332&cate_no=1019&display_group=1
478,527,TONYMOLY Wonder Rice Smoothing Toner 500ml,24.57,20.88,https://jolse.com/product/detail.html?product_no=11108&cate_no=1019&display_group=1
479,528,TOSOWOONG Dr. Troubex Blemish Pad (70pcs in a box),23.08,19.62,https://jolse.com/product/detail.html?product_no=10862&cate_no=1019&display_group=1
480,529,TOSOWOONG Dr. Troubex Sparkling Skin Toner 100ml,16.96,14.42,https://jolse.com/product/detail.html?product_no=10799&cate_no=1019&display_group=1
481,530,Sulwhasoo Snowise Brightening Water 125ml,57.98,49.28,https://jolse.com/product/detail.html?product_no=10748&cate_no=1019&display_group=1
482,531,TOSOWOONG Men's Booster Repair Skin Toner Lotion Set,41.24,35.05,https://jolse.com/product/detail.html?product_no=10690&cate_no=1019&display_group=1
483,532,su:m37 Secret Essence Mist 60ml*2,45.0,33.7,https://jolse.com/product/detail.html?product_no=10661&cate_no=1019&display_group=1
484,533,NATURE REPUBLIC Skin Smoothing Body Peeling Mist Cotton 250ml,16.16,13.74,https://jolse.com/product/detail.html?product_no=9819&cate_no=1019&display_group=1
485,534,NATURE REPUBLIC Skin Smoothing Body Peeling Mist Peach 250ml,15.16,12.89,https://jolse.com/product/detail.html?product_no=9818&cate_no=1019&display_group=1
486,535,TONYMOLY Tony Lab AC Control Toner 180ml,18.07,15.36,https://jolse.com/product/detail.html?product_no=9781&cate_no=1019&display_group=1
487,536,TONYMOLY Floria Whitening Petal Toner 180ml,21.07,17.91,https://jolse.com/product/detail.html?product_no=9753&cate_no=1019&display_group=1
488,537,MAMONDE Enriched Nutri Skin Softener 200ml,21.78,18.51,https://jolse.com/product/detail.html?product_no=9463&cate_no=1019&display_group=1
489,538,su:m37 Dear Homme Perfect Toner 130ml,40.0,31.96,https://jolse.com/product/detail.html?product_no=9432&cate_no=1019&display_group=1
490,539,NATURE REPUBLIC Super Aqua Max Watery Toner 150ml,21.66,18.41,https://jolse.com/product/detail.html?product_no=9307&cate_no=1019&display_group=1
491,540,NATURE REPUBLIC Real Squeeze Aloe Vera Air Mist 95ml,15.16,12.89,https://jolse.com/product/detail.html?product_no=9287&cate_no=1019&display_group=1
492,541,BENTON Snail Bee High Content Skin 150ml,17.0,14.45,https://jolse.com/product/detail.html?product_no=8685&cate_no=1019&display_group=1
493,542,The History of Whoo Gongjinhyang Soo Hydrating Balancer 150ml,48.48,41.21,https://jolse.com/product/detail.html?product_no=8182&cate_no=1019&display_group=1
494,543,O HUI Refining Medi-Toner Alcohol Free 150ml,39.98,33.98,https://jolse.com/product/detail.html?product_no=7955&cate_no=1019&display_group=1
495,544,O HUI Extreme White Skin Softener 150ml,43.98,37.38,https://jolse.com/product/detail.html?product_no=7950&cate_no=1019&display_group=1
496,545,O HUI Miracle Aqua Skin Softener 150ml,36.98,31.43,https://jolse.com/product/detail.html?product_no=7948&cate_no=1019&display_group=1
497,546,O HUI Miracle Moisture Skin Softener Moist 150ml,48.0,40.8,https://jolse.com/product/detail.html?product_no=7924&cate_no=1019&display_group=1
498,547,O HUI Age Recovery Skin Softener 150ml,47.98,40.78,https://jolse.com/product/detail.html?product_no=7898&cate_no=1019&display_group=1
499,548,The History of Whoo Radiant White Balancer 150ml,57.0,48.45,https://jolse.com/product/detail.html?product_no=7892&cate_no=1019&display_group=1
500,549,The History of Whoo Jinyulhyang Essential Revitalizing Balancer 150ml,65.98,56.08,https://jolse.com/product/detail.html?product_no=7888&cate_no=1019&display_group=1
501,550,The History of Whoo Gongjinhyang Essential Moisturizing Balancer 150ml,54.0,45.9,https://jolse.com/product/detail.html?product_no=7882&cate_no=1019&display_group=1
502,551,THE FACE SHOP White Seed Brightening Toner 145ml,23.16,16.65,https://jolse.com/product/detail.html?product_no=7779&cate_no=1019&display_group=1
503,552,THE FACE SHOP Essential Damage Care Hair Mist 150ml,15.16,9.84,https://jolse.com/product/detail.html?product_no=7770&cate_no=1019&display_group=1
504,553,It's Skin Green Tea Watery Toner 150ml,19.0,16.15,https://jolse.com/product/detail.html?product_no=7383&cate_no=1019&display_group=1
505,554,TONYMOLY The Chok Chok Green Tea Watery Skin 180ml,19.57,16.63,https://jolse.com/product/detail.html?product_no=7282&cate_no=1019&display_group=1
506,555,MISSHA Ye Hyeon Jin-Bon Toner 140ml,20.16,17.14,https://jolse.com/product/detail.html?product_no=7147&cate_no=1019&display_group=1
507,556,NATURE REPUBLIC Argan 20 essential Toner 170ml,21.16,17.99,https://jolse.com/product/detail.html?product_no=6681&cate_no=1019&display_group=1
508,557,It's skin PRESTIGE SERUM Ginseng D'escargot Special Set (40ml+15ml+15ml),44.0,37.4,https://jolse.com/product/detail.html?product_no=6315&cate_no=1019&display_group=1
509,558,ZYMOGEN Houttuynia Cordata Ferment Mist 135ml,28.98,24.63,https://jolse.com/product/detail.html?product_no=6151&cate_no=1019&display_group=1
510,559,ZYMOGEN AC Dr. A-Sol 30ml,13.98,11.88,https://jolse.com/product/detail.html?product_no=6142&cate_no=1019&display_group=1
511,560,NATURE REPUBLIC Real Squeeze Aloe Vera Toner 150ml,19.16,16.29,https://jolse.com/product/detail.html?product_no=5947&cate_no=1019&display_group=1
512,561,ETUDE HOUSE Belle Dress Shower Cologne 100ml,12.13,10.31,https://jolse.com/product/detail.html?product_no=5422&cate_no=1019&display_group=1
513,562,HOLIKA HOLIKA Prime Youth Black Snail Repair Toner 160ml,30.16,25.64,https://jolse.com/product/detail.html?product_no=5205&cate_no=1019&display_group=1
514,563,MISSHA Perfumed shower Cologne 105ml,10.16,8.64,https://jolse.com/product/detail.html?product_no=4143&cate_no=1019&display_group=1
515,564,COSRX AHA/BHA CLARIFYING TREATMENT TONER 150ml,17.25,14.66,https://jolse.com/product/detail.html?product_no=3396&cate_no=1019&display_group=1
516,565,COSRX CENTELLA WATER ALCHOL-FREE TONER 150ml,17.25,14.66,https://jolse.com/product/detail.html?product_no=3367&cate_no=1019&display_group=1
517,566,It's skin Collagen Nutrition Toner 150ml,19.0,16.15,https://jolse.com/product/detail.html?product_no=2356&cate_no=1019&display_group=1
518,567,It's skin Aloe Relaxing Toner 150ml,19.0,16.15,https://jolse.com/product/detail.html?product_no=2354&cate_no=1019&display_group=1
519,568,It's skin Hyaluronic Acid Moisture Toner 150ml,19.0,16.15,https://jolse.com/product/detail.html?product_no=2351&cate_no=1019&display_group=1
520,569,Ciracle Base Toner pH5.6 105.5ml,23.48,19.96,https://jolse.com/product/detail.html?product_no=1160&cate_no=1019&display_group=1
521,570,[Ciracle] Anti-Blemish Toner 105.5ml,22.25,18.91,https://jolse.com/product/detail.html?product_no=1158&cate_no=1019&display_group=1
522,571,Ciracle Pore Control Tightening Toner 105.5ml,21.48,18.26,https://jolse.com/product/detail.html?product_no=1156&cate_no=1019&display_group=1
