,prd_name,price,sale_price,sub_link
0,Isntree Hyaluronic Acid Toner 200ml (Renewal),USD 19.00,USD 13.99,https://jolse.com/product/detail.html?product_no=22560&cate_no=1019&display_group=1
1,SON&PARK BEAUTY WATER 340ml,USD 29.40,USD 24.99,https://jolse.com/product/detail.html?product_no=10953&cate_no=1019&display_group=1
2,SOME BY MI AHA BHA PHA 30 Days Miracle Toner 150ml,USD 24.00,USD 20.40,https://jolse.com/product/detail.html?product_no=16241&cate_no=1019&display_group=1
3,SOME BY MI Galactomyces Pure Vitamin C Glow Toner 200ml,USD 34.00,USD 28.90,https://jolse.com/product/detail.html?product_no=19667&cate_no=1019&display_group=1
4,PURITO Centella Green Level Calming Toner 200ml,USD 25.20,USD 16.99,https://jolse.com/product/detail.html?product_no=16854&cate_no=1019&display_group=1
5,SON&PARK Beauty Water 60ml,USD 10.50,USD 8.92,https://jolse.com/product/detail.html?product_no=15529&cate_no=1019&display_group=1
6,Pyunkang Yul Essence Toner 100ml,USD 14.50,USD 12.32,https://jolse.com/product/detail.html?product_no=21105&cate_no=1019&display_group=1
7,secretKey Hyaluron Aqua Soft Toner 500ml,USD 22.00,USD 18.70,https://jolse.com/product/detail.html?product_no=19733&cate_no=1019&display_group=1
8,ROUND LAB 1025 Dokdo Toner 200ml,USD 17.00,USD 11.49,https://jolse.com/product/detail.html?product_no=18903&cate_no=1019&display_group=1
9,SOME BY MI Snail Truecica Miracle Repair Toner 135ml,USD 24.00,USD 13.99,https://jolse.com/product/detail.html?product_no=23622&cate_no=1019&display_group=1
10,Dr.MYSKIN Vita Galacto Bifida 90 Toner 110ml,USD 15.70,USD 13.34,https://jolse.com/product/detail.html?product_no=22874&cate_no=1019&display_group=1
11,COSRX AHA 7 WHITEHEAD POWER LIQUID 100ml,USD 17.81,USD 15.14,https://jolse.com/product/detail.html?product_no=3397&cate_no=1019&display_group=1
12,secretKey Fresh Toner 248ml,USD 12.00,USD 10.20,https://jolse.com/product/detail.html?product_no=12519&cate_no=1019&display_group=1
13,BLITHE Vital Treatment 8 Nourishing Beans 150ml,USD 42.90,USD 36.46,https://jolse.com/product/detail.html?product_no=16246&cate_no=1019&display_group=1
14,COSRX Two In One Poreless Power Liquid 100ml,USD 22.00,USD 18.70,https://jolse.com/product/detail.html?product_no=14691&cate_no=1019&display_group=1
15,Pyunkang Yul Essence Toner 200ml,USD 21.90,USD 18.61,https://jolse.com/product/detail.html?product_no=12363&cate_no=1019&display_group=1
16,Isntree Clear Skin BHA Toner 200ml,USD 21.96,USD 13.89,https://jolse.com/product/detail.html?product_no=21252&cate_no=1019&display_group=1
17,COSRX One Step Moisture Up Pad 70ea,USD 19.50,USD 16.57,https://jolse.com/product/detail.html?product_no=10442&cate_no=1019&display_group=1
18,Elizavecca Hell-Pore Clean up AHA Fruit Toner 200ml,USD 14.00,USD 11.90,https://jolse.com/product/detail.html?product_no=10024&cate_no=1019&display_group=1
19,BENTON Aloe BHA Skin Toner 200ml,USD 19.00,USD 16.15,https://jolse.com/product/detail.html?product_no=8682&cate_no=1019&display_group=1
20,COSRX One Step Original Clear Pad 70ea,USD 19.63,USD 16.69,https://jolse.com/product/detail.html?product_no=4363&cate_no=1019&display_group=1
21,NATURE REPUBLIC Soothing & Moisture Aloe Vera 92% Soothing Gel Mist 150ml,USD 12.16,USD 10.34,https://jolse.com/product/detail.html?product_no=3491&cate_no=1019&display_group=1
22,COSRX BHA BLACKHEAD POWER LIQUID100 ML,USD 20.81,USD 17.69,https://jolse.com/product/detail.html?product_no=3365&cate_no=1019&display_group=1
23,SKIN&LAB Medicica Balancing Toner 180ml,USD 21.63,USD 18.39,https://jolse.com/product/detail.html?product_no=20794&cate_no=1019&display_group=1
24,MAY ISLAND 7 Days Secret Centella Cica Toner 155ml,USD 16.50,USD 14.02,https://jolse.com/product/detail.html?product_no=20601&cate_no=1019&display_group=1
25,TIAM Vita B5 Toner 180ml,USD 18.60,USD 15.81,https://jolse.com/product/detail.html?product_no=20590&cate_no=1019&display_group=1
26,BADSKIN Hyaluronic Spa Toner 500ml,USD 26.00,USD 22.10,https://jolse.com/product/detail.html?product_no=19744&cate_no=1019&display_group=1
27,TIAM AC Fighting AHA BHA PHA Toner 180ml,USD 18.70,USD 15.89,https://jolse.com/product/detail.html?product_no=19657&cate_no=1019&display_group=1
28,Real Barrier Aqua Soothing Toner 200ml,USD 26.40,USD 22.44,https://jolse.com/product/detail.html?product_no=19322&cate_no=1019&display_group=1
29,Real Barrier Extreme Essence Toner 190ml,USD 30.00,USD 25.50,https://jolse.com/product/detail.html?product_no=19320&cate_no=1019&display_group=1
30,innisfree Jeju Orchid Skin 200ml,USD 27.92,USD 17.59,https://jolse.com/product/detail.html?product_no=18971&cate_no=1019&display_group=1
31,ROUND LAB Mugwort Calming Toner 300ml,USD 25.00,USD 16.99,https://jolse.com/product/detail.html?product_no=18918&cate_no=1019&display_group=1
32,innisfree Jeju Cherry Blossom Skin 200ml,USD 20.22,USD 15.16,https://jolse.com/product/detail.html?product_no=18815&cate_no=1019&display_group=1
33,iUNIK Vitamin Hyaluronic Acid Vitalizing Toner 200ml,USD 21.99,USD 18.69,https://jolse.com/product/detail.html?product_no=18489&cate_no=1019&display_group=1
34,G9SKIN White In Milk Toner 300ml,USD 18.00,USD 14.40,https://jolse.com/product/detail.html?product_no=18332&cate_no=1019&display_group=1
35,COSRX AC Collection Calming Liquid Mild 125ml,USD 26.00,USD 22.10,https://jolse.com/product/detail.html?product_no=17796&cate_no=1019&display_group=1
36,NACIFIC Real Calendula Floral Toner 180ml,USD 26.00,USD 22.10,https://jolse.com/product/detail.html?product_no=16877&cate_no=1019&display_group=1
37,CARYOPHY Portulaca Toner 300ml,USD 24.00,USD 20.40,https://jolse.com/product/detail.html?product_no=16405&cate_no=1019&display_group=1
38,KEEP COOL Soothe Fixence Mist 60ml,USD 10.00,USD 8.50,https://jolse.com/product/detail.html?product_no=16354&cate_no=1019&display_group=1
39,NEOGEN DERMALOGY Real Cica Pad 90ea,USD 17.90, ,https://jolse.com/product/detail.html?product_no=16306&cate_no=1019&display_group=1
40,MAMONDE Rose Water Toner 250ml,USD 18.48,USD 15.71,https://jolse.com/product/detail.html?product_no=16002&cate_no=1019&display_group=1
41,heimish Bulgarian Rose Mist Serum 55ml,USD 24.00,USD 20.40,https://jolse.com/product/detail.html?product_no=15273&cate_no=1019&display_group=1
42,BLITHE Vital Treatment 5 Energy Roots 150ml,USD 37.60,USD 31.96,https://jolse.com/product/detail.html?product_no=15117&cate_no=1019&display_group=1
43,Elizavecca Hell-Pore Perfect Wine Sparkling Peeling Pad 30ea,USD 20.00,USD 17.00,https://jolse.com/product/detail.html?product_no=15000&cate_no=1019&display_group=1
44,MISSHA New Artemisia Calming Mist 120ml,USD 34.00,USD 28.90,https://jolse.com/product/detail.html?product_no=43373&cate_no=1019&display_group=1
45,so natural Yellow Cica Toner 260ml,USD 28.00,USD 19.57,https://jolse.com/product/detail.html?product_no=43058&cate_no=1019&display_group=1
46,so natural Vegan Make up Calm Fixx 100ml,USD 21.00,USD 11.99,https://jolse.com/product/detail.html?product_no=42970&cate_no=1019&display_group=1
47,so natural SO Vegan Noni Toner 150ml,USD 22.50,USD 13.99,https://jolse.com/product/detail.html?product_no=42942&cate_no=1019&display_group=1
48,B_LAB Matcha Hydrating Facial Toner 150ml,USD 17.00,USD 11.90,https://jolse.com/product/detail.html?product_no=42845&cate_no=1019&display_group=1
49,META FORET 12PM Calming Toner 150ml,USD 13.20,USD 11.22,https://jolse.com/product/detail.html?product_no=42825&cate_no=1019&display_group=1
50,LOOKS&MEII Rich Routine Balance Toner 150ml,USD 21.00,USD 17.85,https://jolse.com/product/detail.html?product_no=42564&cate_no=1019&display_group=1
51,LOOKS&MEII Fresh Routine Balance Toner 150ml,USD 21.00,USD 17.85,https://jolse.com/product/detail.html?product_no=42547&cate_no=1019&display_group=1
52,MISSHA Time Revolution Best Seller Special Set,USD 54.99,USD 46.74,https://jolse.com/product/detail.html?product_no=42310&cate_no=1019&display_group=1
53,Dr.Ceuracle Pro Balance Biotics Toner 300ml,USD 30.00,USD 25.50,https://jolse.com/product/detail.html?product_no=42292&cate_no=1019&display_group=1
54,Dr.Ceuracle Cica Regen 92 Toner 120ml,USD 25.00,USD 21.25,https://jolse.com/product/detail.html?product_no=42287&cate_no=1019&display_group=1
55,MANYO FACTORY Bifida Cica Herb Toner 210ml,USD 19.00,USD 16.15,https://jolse.com/product/detail.html?product_no=42278&cate_no=1019&display_group=1
56,MANYO FACTORY Galac Whitening Vita Toner 210ml,USD 19.00,USD 16.15,https://jolse.com/product/detail.html?product_no=42276&cate_no=1019&display_group=1
57,SOME BY MI Propolis B5 Glow Barrier Calming Toner 150ml,USD 22.00,USD 18.70,https://jolse.com/product/detail.html?product_no=42205&cate_no=1019&display_group=1
58,banila co. Dear Hydration Toner 280ml,USD 24.00,USD 16.80,https://jolse.com/product/detail.html?product_no=42194&cate_no=1019&display_group=1
59,SKIN1004 Madagascar Centella Tone Brightening Boosting Toner 210ml,USD 24.00,USD 16.80,https://jolse.com/product/detail.html?product_no=41720&cate_no=1019&display_group=1
60,Beauty of Joseon Green Plum + AHA Bubble Toner 150ml,USD 22.00,USD 14.63,https://jolse.com/product/detail.html?product_no=41718&cate_no=1019&display_group=1
61,Pyunkang Yul Calming Deep Moisture Toner 150ml,USD 15.00,USD 12.75,https://jolse.com/product/detail.html?product_no=41712&cate_no=1019&display_group=1
62,innisfree Forest For Men Premium Skin Care Duo Set,USD 58.00,USD 40.60,https://jolse.com/product/detail.html?product_no=41467&cate_no=1019&display_group=1
63,innisfree Green Tea Balancing Skin Care Set EX,USD 42.00,USD 29.40,https://jolse.com/product/detail.html?product_no=41466&cate_no=1019&display_group=1
64,innisfree Black Tea Youth Enhancing Skin 150ml,USD 28.00,USD 19.60,https://jolse.com/product/detail.html?product_no=41450&cate_no=1019&display_group=1
65,Haruharu WONDER Black Rice Hyaluronic Toner 150ml (Fragrance Free),USD 22.00,USD 18.70,https://jolse.com/product/detail.html?product_no=41258&cate_no=1019&display_group=1
66,Dr.G Red Blemish Clear Soothing Toner 200ml,USD 23.00,USD 16.10,https://jolse.com/product/detail.html?product_no=41224&cate_no=1019&display_group=1
67,Huxley Hydration Trio Set,USD 82.00,USD 57.17,https://jolse.com/product/detail.html?product_no=41203&cate_no=1019&display_group=1
68,Huxley Essential Mist Sense Of Balance 35ml,USD 21.00,USD 14.64,https://jolse.com/product/detail.html?product_no=41200&cate_no=1019&display_group=1
69,Huxley Oil Mist Sense Of Balance 35ml,USD 21.00,USD 14.64,https://jolse.com/product/detail.html?product_no=41197&cate_no=1019&display_group=1
70,Huxley Antioxidant Trio Set,USD 82.00,USD 57.17,https://jolse.com/product/detail.html?product_no=41196&cate_no=1019&display_group=1
71,Huxley Extra Moisture Trio Set,USD 84.00,USD 58.56,https://jolse.com/product/detail.html?product_no=41194&cate_no=1019&display_group=1
72,Huxley Brightening Trio Set,USD 85.00,USD 59.26,https://jolse.com/product/detail.html?product_no=41191&cate_no=1019&display_group=1
73,O HUI Extreme White 2pcs Special Set,USD 100.00,USD 85.00,https://jolse.com/product/detail.html?product_no=41173&cate_no=1019&display_group=1
74,su:m37 Waterfull Special Set,USD 110.00,USD 87.89,https://jolse.com/product/detail.html?product_no=41172&cate_no=1019&display_group=1
75,AXIS-Y The Mini Glow Set,USD 9.90,USD 8.41,https://jolse.com/product/detail.html?product_no=41165&cate_no=1019&display_group=1
76,AXIS-Y My Self Care Set Limited Edition,USD 32.00,USD 27.20,https://jolse.com/product/detail.html?product_no=41159&cate_no=1019&display_group=1
77,AXIS-Y Daily Purifying Treatment Toner 200ml,USD 25.00,USD 21.25,https://jolse.com/product/detail.html?product_no=41104&cate_no=1019&display_group=1
78,MISSHA Super Aqua Ultra Hyalron Toner Pads 90pcs,USD 26.16,USD 22.24,https://jolse.com/product/detail.html?product_no=41056&cate_no=1019&display_group=1
79,MISSHA Super Aqua Ultra Hyalron Skin Essence 200ml (Renewal),USD 23.16,USD 19.69,https://jolse.com/product/detail.html?product_no=41050&cate_no=1019&display_group=1
80,ONE THING Brassica Oleracea Italica Extract 300ml,USD 30.58,USD 25.99,https://jolse.com/product/detail.html?product_no=40716&cate_no=1019&display_group=1
81,ONE THING Citrus Unshiu Fruit Extract 300ml,USD 30.58,USD 25.99,https://jolse.com/product/detail.html?product_no=40707&cate_no=1019&display_group=1
82,ONE THING Calendula Officinalis Flower Extract 300ml,USD 30.58,USD 25.99,https://jolse.com/product/detail.html?product_no=40706&cate_no=1019&display_group=1
83,ONE THING Houttuynia Cordata Extract 300ml,USD 30.58,USD 25.99,https://jolse.com/product/detail.html?product_no=40705&cate_no=1019&display_group=1
84,ONE THING Camellia Sinensis Leaf Extract 300ml,USD 30.58,USD 25.99,https://jolse.com/product/detail.html?product_no=40704&cate_no=1019&display_group=1
85,ONE THING Artemisia Capillaris Extract 300ml,USD 30.58,USD 25.99,https://jolse.com/product/detail.html?product_no=40703&cate_no=1019&display_group=1
86,ONE THING COIX LACRYMA-JOBIMA-YUEN SEED EXTRACT 300ml,USD 30.58,USD 25.99,https://jolse.com/product/detail.html?product_no=40702&cate_no=1019&display_group=1
87,ONE THING Propolis + Honey Extract 300ml,USD 30.58,USD 25.99,https://jolse.com/product/detail.html?product_no=40700&cate_no=1019&display_group=1
88,ONE THING Centella Asiatica Extract 300ml,USD 30.58,USD 25.99,https://jolse.com/product/detail.html?product_no=40699&cate_no=1019&display_group=1
89,ONE THING Galactomyces Ferment Filtrate 150ml,USD 33.00,USD 28.05,https://jolse.com/product/detail.html?product_no=40698&cate_no=1019&display_group=1
90,ONE THING Artemisia Capillaris Extract 150ml,USD 20.54,USD 17.46,https://jolse.com/product/detail.html?product_no=40693&cate_no=1019&display_group=1
91,ONE THING Centella Asiatica Extract 150ml,USD 20.54,USD 17.46,https://jolse.com/product/detail.html?product_no=40691&cate_no=1019&display_group=1
92,ONE THING Houttuynia Cordata Extract 150ml,USD 20.54,USD 17.46,https://jolse.com/product/detail.html?product_no=40689&cate_no=1019&display_group=1
93,ONE THING Citrus Unshiu Fruit Extract 150ml,USD 20.54,USD 17.46,https://jolse.com/product/detail.html?product_no=40685&cate_no=1019&display_group=1
94,ONE THING Brassica Oleracea Italica Extract 150ml,USD 18.96,USD 16.12,https://jolse.com/product/detail.html?product_no=40684&cate_no=1019&display_group=1
95,ONE THING Hyaluronic Acid Complex 150ml,USD 23.52,USD 19.99,https://jolse.com/product/detail.html?product_no=40682&cate_no=1019&display_group=1
96,ONE THING Calendula Officinalis Flower Extract 150ml,USD 18.96,USD 16.12,https://jolse.com/product/detail.html?product_no=40681&cate_no=1019&display_group=1
97,ONE THING Camellia Sinensis Leaf Extract 150ml,USD 18.96,USD 16.12,https://jolse.com/product/detail.html?product_no=40678&cate_no=1019&display_group=1
98,ONE THING NIACINAMIDE 10% 150ml,USD 18.96,USD 16.12,https://jolse.com/product/detail.html?product_no=40677&cate_no=1019&display_group=1
99,ONE THING COIX LACRYMA-JOBIMA-YUEN SEED EXTRACT 150ml,USD 18.96,USD 16.12,https://jolse.com/product/detail.html?product_no=40675&cate_no=1019&display_group=1
100,MANYO FACTORY Our Vegan Heartleaf Cica Toner 400ml,USD 28.80,USD 24.48,https://jolse.com/product/detail.html?product_no=40674&cate_no=1019&display_group=1
101,ONE THING BIFIDA Ferment Lysate 150ml,USD 18.96,USD 16.12,https://jolse.com/product/detail.html?product_no=40673&cate_no=1019&display_group=1
102,ONE THING Propolis + Honey Extract 150ml,USD 18.96,USD 16.12,https://jolse.com/product/detail.html?product_no=40671&cate_no=1019&display_group=1
103,HanYul Pure Artemisia Calming pH Balancing Toner 150ml,USD 29.00,USD 24.65,https://jolse.com/product/detail.html?product_no=40635&cate_no=1019&display_group=1
104,primera Organience Water 180ml,USD 35.00,USD 29.75,https://jolse.com/product/detail.html?product_no=40633&cate_no=1019&display_group=1
105,Yehwadam Hwansaenggo Rejuvenating Radiance Toner 160ml,USD 35.00,USD 26.21,https://jolse.com/product/detail.html?product_no=40591&cate_no=1019&display_group=1
106,Yehwadam Hwansaenggo Ultimate Rejuvenating Toner 160ml,USD 35.00,USD 26.21,https://jolse.com/product/detail.html?product_no=40590&cate_no=1019&display_group=1
107,Yehwadam Artemisia Soothing Moisturizing Toner 180ml,USD 26.00,USD 19.47,https://jolse.com/product/detail.html?product_no=40585&cate_no=1019&display_group=1
108,Yehwadam Plum Flower Revitalizing Toner 160ml,USD 28.00,USD 20.97,https://jolse.com/product/detail.html?product_no=40581&cate_no=1019&display_group=1
109,ETUDE HOUSE AC Clean Up Toner 200ml,USD 18.57,USD 15.78,https://jolse.com/product/detail.html?product_no=40385&cate_no=1019&display_group=1
110,SOME BY MI AHA BHA PHA 30 Days Miracle Travel Kit,USD 19.00,USD 16.15,https://jolse.com/product/detail.html?product_no=40369&cate_no=1019&display_group=1
111,su:m37 sum37 Time energy Resetting Toner 170ml,USD 45.00,USD 35.95,https://jolse.com/product/detail.html?product_no=40244&cate_no=1019&display_group=1
112,VILLAGE 11 FACTORY Blue Chamomile Toner 250ml,USD 18.00,USD 15.30,https://jolse.com/product/detail.html?product_no=40189&cate_no=1019&display_group=1
113,Aromatica Tea Tree Balancing Toner 200ml (Renewal),USD 35.00,USD 29.75,https://jolse.com/product/detail.html?product_no=40188&cate_no=1019&display_group=1
114,Real Barrier Extreme Essence Toner 190ml (Renewal),USD 30.00,USD 25.50,https://jolse.com/product/detail.html?product_no=40186&cate_no=1019&display_group=1
115,celimax Dual Barrier Creamy Toner 150ml,USD 24.00,USD 20.40,https://jolse.com/product/detail.html?product_no=40163&cate_no=1019&display_group=1
116,The FACE Shop The Gentle For Men Anti-Aging Toner 140ml,USD 29.16,USD 20.38,https://jolse.com/product/detail.html?product_no=40127&cate_no=1019&display_group=1
117,Nature Republic Argan Homme Skin 130ml,USD 24.16,USD 20.54,https://jolse.com/product/detail.html?product_no=40122&cate_no=1019&display_group=1
118,Cos De BAHA Peptide Toner 200ml,USD 17.00,USD 14.45,https://jolse.com/product/detail.html?product_no=40112&cate_no=1019&display_group=1
119,Cos De BAHA Niacinamide Toner 200ml,USD 18.00,USD 15.30,https://jolse.com/product/detail.html?product_no=40102&cate_no=1019&display_group=1
120,Cos De BAHA AHA/BHA GS Toner 200ml,USD 17.00,USD 14.45,https://jolse.com/product/detail.html?product_no=40101&cate_no=1019&display_group=1
121,Cos De BAHA Centella Facial Toner 200ml,USD 16.45,USD 13.98,https://jolse.com/product/detail.html?product_no=40098&cate_no=1019&display_group=1
122,Cos De BAHA Salicylic Acid 2% Liquid 120ml,USD 14.99,USD 12.74,https://jolse.com/product/detail.html?product_no=40093&cate_no=1019&display_group=1
123,COSRX Poreless Pad 70pcs,USD 25.00,USD 21.25,https://jolse.com/product/detail.html?product_no=40051&cate_no=1019&display_group=1
124,COSRX Pure Fit Cica Pad 90pcs,USD 27.00,USD 22.95,https://jolse.com/product/detail.html?product_no=40049&cate_no=1019&display_group=1
125,COSRX Pure Fit Cica Powder 10g (renewal),USD 18.00,USD 15.30,https://jolse.com/product/detail.html?product_no=40047&cate_no=1019&display_group=1
126,HOLIKA HOLIKA Honey Royalactin Serum Mist 120ml,USD 29.16,USD 24.79,https://jolse.com/product/detail.html?product_no=40037&cate_no=1019&display_group=1
127,HOLIKA HOLIKA Gold Kiwi Vita C+ Brightening Toner 150ml,USD 34.16,USD 29.04,https://jolse.com/product/detail.html?product_no=40033&cate_no=1019&display_group=1
128,HOLIKA HOLIKA Premier Collagen Toner 125ml,USD 32.16,USD 27.34,https://jolse.com/product/detail.html?product_no=40025&cate_no=1019&display_group=1
129,OGANA CELL Sky Blue Toner 130ml,USD 42.00,USD 35.70,https://jolse.com/product/detail.html?product_no=40011&cate_no=1019&display_group=1
130,O HUI Age Recovery Special Set,USD 128.00,USD 108.80,https://jolse.com/product/detail.html?product_no=39984&cate_no=1019&display_group=1
131,O HUI Miracle Moisture Special Set,USD 90.00,USD 76.50,https://jolse.com/product/detail.html?product_no=39981&cate_no=1019&display_group=1
132,su:m37 Waterfull Special Set (renewal),USD 135.00,USD 94.36,https://jolse.com/product/detail.html?product_no=39980&cate_no=1019&display_group=1
133,su:m37 Time Energy Special Set (renewal),USD 125.00,USD 87.37,https://jolse.com/product/detail.html?product_no=39979&cate_no=1019&display_group=1
134,OGANA CELL Peptide Concentrating Heaven Water 120ml,USD 62.00,USD 52.70,https://jolse.com/product/detail.html?product_no=39967&cate_no=1019&display_group=1
135,Mamonde Ceramide Skin Softener 200ml,USD 27.16,USD 23.09,https://jolse.com/product/detail.html?product_no=39957&cate_no=1019&display_group=1
136,Mamonde Centella Trouble Toner 250ml,USD 25.16,USD 21.39,https://jolse.com/product/detail.html?product_no=39954&cate_no=1019&display_group=1
137,The History of Whoo Cheongidan Goon Hwa Yang Skin 150ml,USD 75.00,USD 63.75,https://jolse.com/product/detail.html?product_no=39921&cate_no=1019&display_group=1
138,TIAM AC Fighting PHA 12 Purifying Liquid 80ml,USD 23.00,USD 19.55,https://jolse.com/product/detail.html?product_no=39900&cate_no=1019&display_group=1
139,THANK YOU FARMER Rice Pure Essential Toner 200ml,USD 28.00,USD 23.80,https://jolse.com/product/detail.html?product_no=39889&cate_no=1019&display_group=1
140,daymellow Aqualron Watery Toner 300ml,USD 21.00,USD 12.60,https://jolse.com/product/detail.html?product_no=39858&cate_no=1019&display_group=1
141,daymellow Bluemarin Purity Toner 200ml,USD 26.00,USD 15.60,https://jolse.com/product/detail.html?product_no=39833&cate_no=1019&display_group=1
142,goodal Houttuynia Cordata Calming Toner Pad 70pcs,USD 28.57,USD 24.28,https://jolse.com/product/detail.html?product_no=39413&cate_no=1019&display_group=1
143,LANEIGE Perfect Renew Youth Refiner 120ml,USD 47.16,USD 40.09,https://jolse.com/product/detail.html?product_no=39374&cate_no=1019&display_group=1
144,LANEIGE Cream Skin Refiner+ 150ml,USD 33.16,USD 28.19,https://jolse.com/product/detail.html?product_no=39370&cate_no=1019&display_group=1
145,MISSHA Radiance Perfect-Fit Mist & Fixer 80ml,USD 17.16,USD 14.59,https://jolse.com/product/detail.html?product_no=39353&cate_no=1019&display_group=1
146,A'PIEU Fusidium Trouble Calming Toner 210ml,USD 28.16,USD 25.34,https://jolse.com/product/detail.html?product_no=39271&cate_no=1019&display_group=1
147,MISSHA Chogongjin Sosaeng Toner 150ml,USD 32.16,USD 27.34,https://jolse.com/product/detail.html?product_no=39261&cate_no=1019&display_group=1
148,Reduire Trouble Relieving Toner 250ml,USD 19.00,USD 13.30,https://jolse.com/product/detail.html?product_no=39233&cate_no=1019&display_group=1
149,Etude House Moistfull Collagen Intense Toner 200ml,USD 22.57,USD 19.18,https://jolse.com/product/detail.html?product_no=39224&cate_no=1019&display_group=1
150,Etude House Soonjung Relief Cica Toner Pad 70pcs,USD 29.57,USD 18.99,https://jolse.com/product/detail.html?product_no=39217&cate_no=1019&display_group=1
151,Etude House Soonjung Cica Toner 200ml,USD 23.57,USD 20.03,https://jolse.com/product/detail.html?product_no=39216&cate_no=1019&display_group=1
152,23years old BAKUCHIOL A Sticker Toner 200ml,USD 19.00,USD 15.20,https://jolse.com/product/detail.html?product_no=39215&cate_no=1019&display_group=1
153,Etude House Soonjung Centella Toner 200ml,USD 21.57,USD 18.33,https://jolse.com/product/detail.html?product_no=39200&cate_no=1019&display_group=1
154,PETITFEE Beautifying Toner 150ml,USD 15.00,USD 12.75,https://jolse.com/product/detail.html?product_no=39190&cate_no=1019&display_group=1
155,PETITFEE Hydro Cream Face Mist 90ml,USD 18.00,USD 15.30,https://jolse.com/product/detail.html?product_no=39187&cate_no=1019&display_group=1
156,PETITFEE Cica Calm Face Mist 90ml,USD 18.00,USD 15.30,https://jolse.com/product/detail.html?product_no=39186&cate_no=1019&display_group=1
157,Real Barrier Cicarelief Moisture Pad 60ea,USD 30.00,USD 25.50,https://jolse.com/product/detail.html?product_no=39160&cate_no=1019&display_group=1
158,ROUND LAB Mugwort Calming Toner 300ml(Renewal),USD 27.00,USD 14.99,https://jolse.com/product/detail.html?product_no=39159&cate_no=1019&display_group=1
159,VONIN Triple Action One Shot Fluid 180ml,USD 30.00,USD 25.50,https://jolse.com/product/detail.html?product_no=39158&cate_no=1019&display_group=1
160,VONIN The Style Standard Toner 135ml & Emulsion 135ml set,USD 48.00,USD 40.80,https://jolse.com/product/detail.html?product_no=39157&cate_no=1019&display_group=1
161,SOONPLUS 5.5 Balancing Skin Care Set,USD 44.99,USD 31.49,https://jolse.com/product/detail.html?product_no=39126&cate_no=1019&display_group=1
162,ROUND LAB Birch Juice Moisturizing Pad 80ea,USD 27.00,USD 12.99,https://jolse.com/product/detail.html?product_no=38950&cate_no=1019&display_group=1
163,SOONPLUS 5.5 Balancing Water 150ml,USD 22.99,USD 16.09,https://jolse.com/product/detail.html?product_no=38942&cate_no=1019&display_group=1
164,ISAKNOX Platinum Moisture Economical 2 types Planning Set,USD 46.80,USD 32.76,https://jolse.com/product/detail.html?product_no=38941&cate_no=1019&display_group=1
165,ISAKNOX Platinum Moisture 3 Types Planning Set,USD 77.77,USD 54.44,https://jolse.com/product/detail.html?product_no=38934&cate_no=1019&display_group=1
166,ENOUGH PROJECT Essential Skin 200ml,USD 18.99,USD 11.99,https://jolse.com/product/detail.html?product_no=38913&cate_no=1019&display_group=1
167,BEYOND Waterful Mist & Hand set,USD 15.50,USD 13.17,https://jolse.com/product/detail.html?product_no=38909&cate_no=1019&display_group=1
168,TONYMOLY 2XÂ® Collagen Skin 140ml,USD 30.16,USD 25.64,https://jolse.com/product/detail.html?product_no=38646&cate_no=1019&display_group=1
169,TONYMOLY Wonder Mint Oil Paper Toner 500ml,USD 23.16,USD 19.69,https://jolse.com/product/detail.html?product_no=38636&cate_no=1019&display_group=1
170,TONYMOLY Age Floria Wrinkle Perfect Toner 140ml,USD 26.16,USD 22.24,https://jolse.com/product/detail.html?product_no=38635&cate_no=1019&display_group=1
171,TONYMOLY Three-herb Blemish AC Toner 150ml,USD 18.16,USD 15.44,https://jolse.com/product/detail.html?product_no=38626&cate_no=1019&display_group=1
172,TONYMOLY Blemish Cica Toner 140ml,USD 28.16,USD 23.94,https://jolse.com/product/detail.html?product_no=38623&cate_no=1019&display_group=1
173,TONYMOLY Propolis Tower Barrier Rebalancing Toner 140ml,USD 26.16,USD 22.24,https://jolse.com/product/detail.html?product_no=38620&cate_no=1019&display_group=1
174,TONYMOLY The Green Tea Truebiome Watery Toner 150ml,USD 19.16,USD 16.29,https://jolse.com/product/detail.html?product_no=38540&cate_no=1019&display_group=1
175,TONYMOLY The Green Tea Truebiome Watery Mist 150ml,USD 18.16,USD 15.44,https://jolse.com/product/detail.html?product_no=38530&cate_no=1019&display_group=1
176,Wellage Real Hyaluronic Milkpeel Toner 300ml,USD 29.00,USD 24.65,https://jolse.com/product/detail.html?product_no=38519&cate_no=1019&display_group=1
177,Mernel Calming Bell Toner 200ml,USD 30.00,USD 25.50,https://jolse.com/product/detail.html?product_no=38200&cate_no=1019&display_group=1
178,Haruharu WONDER Black Bamboo Mist 150ml,USD 27.00,USD 22.95,https://jolse.com/product/detail.html?product_no=37810&cate_no=1019&display_group=1
179,Haruharu WONDER Black Bamboo Mist 80ml,USD 15.62,USD 13.28,https://jolse.com/product/detail.html?product_no=37809&cate_no=1019&display_group=1
180,banila co. Miss flower & Mr. Honey Propolis Rejuvenating Essence Toner 190ml,USD 32.00,USD 22.40,https://jolse.com/product/detail.html?product_no=37605&cate_no=1019&display_group=1
181,MAY COOP Raw Morning Dew 80ml,USD 22.00,USD 18.70,https://jolse.com/product/detail.html?product_no=37579&cate_no=1019&display_group=1
182,banila co. Miss Flower & Mr. Honey Propolis Rejuvenating Ampoule Mist 99ml,USD 25.00,USD 17.50,https://jolse.com/product/detail.html?product_no=37562&cate_no=1019&display_group=1
183,SKIN1004 Madagascar Centella Hyalu Cica Brightening Toner 210ml,USD 22.00,USD 15.40,https://jolse.com/product/detail.html?product_no=37206&cate_no=1019&display_group=1
184,the SAEM Urban Eco Waratah Toner 180ml (Renewal),USD 26.16,USD 22.24,https://jolse.com/product/detail.html?product_no=37152&cate_no=1019&display_group=1
185,SKIN1004 Madagascar Centella Toning Toner 400ml,USD 33.00,USD 23.10,https://jolse.com/product/detail.html?product_no=37078&cate_no=1019&display_group=1
186,COSRX Balancium Comfort Ceramide Cream Mist 120ml,USD 29.00,USD 24.65,https://jolse.com/product/detail.html?product_no=36745&cate_no=1019&display_group=1
187,WellDerma CHADEW TEATREE SOOTHING BUBBLE TONER 150ml + 100ml,USD 39.00,USD 27.30,https://jolse.com/product/detail.html?product_no=36644&cate_no=1019&display_group=1
188,WellDerma SAPPHIRE COLLAGEN IMPACT HYDRO TONER 100ml,USD 45.00,USD 31.50,https://jolse.com/product/detail.html?product_no=36642&cate_no=1019&display_group=1
189,WellDerma SAPPHIRE COLLAGEN IMPACT HYDRO MIST 150ml,USD 36.00,USD 25.20,https://jolse.com/product/detail.html?product_no=36640&cate_no=1019&display_group=1
190,Neulii AC Clean Saver Toner Pad 60 sheets,USD 17.00,USD 14.45,https://jolse.com/product/detail.html?product_no=36519&cate_no=1019&display_group=1
191,THE LAB by blanc doux Prebiotic Cera Liquid 210ml,USD 28.00,USD 14.99,https://jolse.com/product/detail.html?product_no=36510&cate_no=1019&display_group=1
192,COMMONLABS Triple Vita Balancing Toner 210ml,USD 22.00,USD 18.70,https://jolse.com/product/detail.html?product_no=36186&cate_no=1019&display_group=1
193,"Logically, Skin Aquatide Multi-Purpose Toner Mist 200ml",USD 42.00,USD 35.70,https://jolse.com/product/detail.html?product_no=36175&cate_no=1019&display_group=1
194,Dr.Jart+ Cicapair Toner 150ml,USD 28.00,USD 15.99,https://jolse.com/product/detail.html?product_no=35681&cate_no=1019&display_group=1
195,BLANCHET Glam Pearl Radiance Essential Mist 55ml,USD 35.00,USD 29.75,https://jolse.com/product/detail.html?product_no=35658&cate_no=1019&display_group=1
196,Sooryehan Chunsam Radiant Set,USD 100.00,USD 85.00,https://jolse.com/product/detail.html?product_no=34941&cate_no=1019&display_group=1
197,Sooryehan Bon Deep Hydration Set,USD 63.00,USD 53.55,https://jolse.com/product/detail.html?product_no=34939&cate_no=1019&display_group=1
198,BEYOND Miracle For Rest Essential Toner 150ml,USD 40.60,USD 34.51,https://jolse.com/product/detail.html?product_no=34873&cate_no=1019&display_group=1
199,Sooryehan HyoBidam Moisture Skin 160ml,USD 28.00,USD 23.80,https://jolse.com/product/detail.html?product_no=34868&cate_no=1019&display_group=1
200,Sooryehan Bon Extra Moisture Toner 160ml,USD 30.40,USD 25.84,https://jolse.com/product/detail.html?product_no=34864&cate_no=1019&display_group=1
201,SOME BY MI Super Matcha Pore Tightening Toner 150ml,USD 29.00,USD 24.65,https://jolse.com/product/detail.html?product_no=34856&cate_no=1019&display_group=1
202,SOME BY MI Red Teatree Cicassoside Derma Solution Toner 150ml,USD 29.00,USD 24.65,https://jolse.com/product/detail.html?product_no=34850&cate_no=1019&display_group=1
203,THE FACE SHOP Aloe fresh Soothing Mist 130ml,USD 17.07,USD 11.93,https://jolse.com/product/detail.html?product_no=34710&cate_no=1019&display_group=1
204,THE FACE SHOP Mango Seed Ceramide Moisturizing Toner 160ml,USD 25.57,USD 17.87,https://jolse.com/product/detail.html?product_no=34708&cate_no=1019&display_group=1
205,Dr.Belmeur Clarifying Soothing Mist 100ml,USD 19.07,USD 16.21,https://jolse.com/product/detail.html?product_no=34696&cate_no=1019&display_group=1
206,THE FACE SHOP Arsainte Eco Therapy Tonic with Essential 215ml,USD 24.57,USD 17.17,https://jolse.com/product/detail.html?product_no=34683&cate_no=1019&display_group=1
207,Wellderma Calendula Calming Soon Toner 150ml,USD 23.00,USD 16.10,https://jolse.com/product/detail.html?product_no=34678&cate_no=1019&display_group=1
208,Beauty of Joseon Ginseng Essence Water 150ml,USD 24.55,USD 13.18,https://jolse.com/product/detail.html?product_no=34674&cate_no=1019&display_group=1
209,COSRX Promotion Set Toner Collection,USD 28.00,USD 23.80,https://jolse.com/product/detail.html?product_no=34596&cate_no=1019&display_group=1
210,COSRX Cica Toner Double Edition Kit,USD 39.00,USD 33.15,https://jolse.com/product/detail.html?product_no=34595&cate_no=1019&display_group=1
211,COSRX Find Your Go to Toner RX Hydrating Kit,USD 30.00,USD 25.50,https://jolse.com/product/detail.html?product_no=34593&cate_no=1019&display_group=1
212,COSRX Find Your Go to Toner RX Brightening Kit,USD 30.00,USD 25.50,https://jolse.com/product/detail.html?product_no=34592&cate_no=1019&display_group=1
213,COSRX 2020 Holiday Toner Collection,USD 25.00,USD 21.25,https://jolse.com/product/detail.html?product_no=34590&cate_no=1019&display_group=1
214,Nature Republic Vitapair C Toner 300ml,USD 29.35,USD 24.95,https://jolse.com/product/detail.html?product_no=34548&cate_no=1019&display_group=1
215,TIAM Vita Refre-C Toner 100ml,USD 20.00,USD 17.00,https://jolse.com/product/detail.html?product_no=34508&cate_no=1019&display_group=1
216,innisfree Jeju Cherry Blossom Mist 120ml,USD 19.16,USD 14.76,https://jolse.com/product/detail.html?product_no=34316&cate_no=1019&display_group=1
217,PURITO Centella Unscented Toner 200ml,USD 25.20,USD 20.16,https://jolse.com/product/detail.html?product_no=34003&cate_no=1019&display_group=1
218,innisfree Jeju Blossom Trial Kit,USD 11.00,USD 8.25,https://jolse.com/product/detail.html?product_no=33981&cate_no=1019&display_group=1
219,MISSHA Chogongjin Youngan Toner 150ml,USD 43.90,USD 37.31,https://jolse.com/product/detail.html?product_no=33929&cate_no=1019&display_group=1
220,O HUI Miracle Aqua Mist 50ml*2,USD 23.16,USD 19.69,https://jolse.com/product/detail.html?product_no=32917&cate_no=1019&display_group=1
221,ETUDE HOUSE Wonder Pore Freshner 250ml,USD 15.19,USD 12.91,https://jolse.com/product/detail.html?product_no=32765&cate_no=1019&display_group=1
222,ETUDE HOUSE Wonder Pore Freshner 500ml,USD 24.88,USD 21.15,https://jolse.com/product/detail.html?product_no=32764&cate_no=1019&display_group=1
223,NACIFIC Pink AHA BHA Toner 150ml,USD 26.00,USD 22.10,https://jolse.com/product/detail.html?product_no=32100&cate_no=1019&display_group=1
224,the SAEM Urban Eco Harakeke Toner 150ml,USD 20.66,USD 17.56,https://jolse.com/product/detail.html?product_no=31661&cate_no=1019&display_group=1
225,goodal Green Tangerine Vita C Toner Pad 70ea,USD 29.80,USD 25.33,https://jolse.com/product/detail.html?product_no=31331&cate_no=1019&display_group=1
226,COSRX Full Fit Propolis Synergy Toner 50ml,USD 9.00,USD 7.65,https://jolse.com/product/detail.html?product_no=30837&cate_no=1019&display_group=1
227,COSRX Refresh AHA/BHA Vitamin C Daily Toner 50ml,USD 9.00,USD 7.65,https://jolse.com/product/detail.html?product_no=30836&cate_no=1019&display_group=1
228,COSRX Hydrium Watery Toner 50ml,USD 9.00,USD 7.65,https://jolse.com/product/detail.html?product_no=30830&cate_no=1019&display_group=1
229,COSRX Hydrium Watery Toner 150ml,USD 28.00,USD 23.80,https://jolse.com/product/detail.html?product_no=30829&cate_no=1019&display_group=1
230,COSRX Full Fit Propolis Synergy Toner 150ml,USD 28.00,USD 23.80,https://jolse.com/product/detail.html?product_no=30828&cate_no=1019&display_group=1
231,COSRX Refresh AHA/BHA Vitamin C Daily Toner 150ml,USD 28.00,USD 23.80,https://jolse.com/product/detail.html?product_no=30827&cate_no=1019&display_group=1
232,d'Alba At Home Spa Treatment Set,USD 95.00,USD 80.75,https://jolse.com/product/detail.html?product_no=29903&cate_no=1019&display_group=1
233,ROUND LAB 1025 Dokdo Toner 500ml,USD 34.00,USD 21.99,https://jolse.com/product/detail.html?product_no=29899&cate_no=1019&display_group=1
234,COSRX Pure Fit Cica Toner 150ml,USD 22.00,USD 13.99,https://jolse.com/product/detail.html?product_no=29876&cate_no=1019&display_group=1
235,I'm Sorry For My Skin Relaxing Toner Calming 200ml,USD 25.00,USD 21.25,https://jolse.com/product/detail.html?product_no=29841&cate_no=1019&display_group=1
236,innisfree Truecare PHA Toner Pad 70ea,USD 23.32,USD 17.02,https://jolse.com/product/detail.html?product_no=29734&cate_no=1019&display_group=1
237,innisfree Truecare Panthenol 10 Moisture Skin 250ml,USD 22.56,USD 16.47,https://jolse.com/product/detail.html?product_no=29731&cate_no=1019&display_group=1
238,VELY VELY Pink Peeling Pad 60ea,USD 27.06,USD 23.00,https://jolse.com/product/detail.html?product_no=29358&cate_no=1019&display_group=1
239,VELY VELY Madecassoside Repair Toner 150ml,USD 34.12,USD 29.00,https://jolse.com/product/detail.html?product_no=29341&cate_no=1019&display_group=1
240,VELY VELY Yuja C-Tamin Toner 150ml,USD 31.76,USD 27.00,https://jolse.com/product/detail.html?product_no=29336&cate_no=1019&display_group=1
241,VELY VELY Artemisia Balance Spot Pad 60ea,USD 27.06,USD 23.00,https://jolse.com/product/detail.html?product_no=29335&cate_no=1019&display_group=1
242,REBEAUTE Oxygenant Serum Mist 80ml,USD 21.00,USD 17.85,https://jolse.com/product/detail.html?product_no=29005&cate_no=1019&display_group=1
243,isoi Pure Moisture Trial Kit,USD 20.00,USD 17.00,https://jolse.com/product/detail.html?product_no=28851&cate_no=1019&display_group=1
244,isoi Acni Dr. Trial Kit,USD 20.00,USD 17.00,https://jolse.com/product/detail.html?product_no=28850&cate_no=1019&display_group=1
245,Real Barrier Cicarelief Toner 190ml,USD 31.20,USD 26.52,https://jolse.com/product/detail.html?product_no=28821&cate_no=1019&display_group=1
246,Real Barrier Control-T Toner 190ml,USD 28.80,USD 24.48,https://jolse.com/product/detail.html?product_no=28816&cate_no=1019&display_group=1
247,SCINIC The Simple Calming Toner 145ml,USD 18.00,USD 15.30,https://jolse.com/product/detail.html?product_no=28809&cate_no=1019&display_group=1
248,SCINIC Snail Matrix Skin 150ml,USD 20.00,USD 17.00,https://jolse.com/product/detail.html?product_no=28803&cate_no=1019&display_group=1
249,SCINIC Cicanoid Toner 150ml,USD 20.00,USD 17.00,https://jolse.com/product/detail.html?product_no=28786&cate_no=1019&display_group=1
250,SCINIC First Treatment Mist 120ml,USD 17.00,USD 14.45,https://jolse.com/product/detail.html?product_no=28782&cate_no=1019&display_group=1
251,SCINIC Hyaluronic Acid First Skin Essence 500ml,USD 32.00,USD 27.20,https://jolse.com/product/detail.html?product_no=28771&cate_no=1019&display_group=1
252,SCINIC Hyaluronic Acid Ampoule Skin 150ml,USD 18.00,USD 15.30,https://jolse.com/product/detail.html?product_no=28768&cate_no=1019&display_group=1
253,SCINIC Super Moist Essence Water 200ml,USD 20.00,USD 17.00,https://jolse.com/product/detail.html?product_no=28756&cate_no=1019&display_group=1
254,SKIN1004 Madagascar Centella Toning Toner 210ml,USD 20.00,USD 14.00,https://jolse.com/product/detail.html?product_no=28744&cate_no=1019&display_group=1
255,VONIN The Character Skin & Emulsion Set,USD 35.70,USD 30.34,https://jolse.com/product/detail.html?product_no=28719&cate_no=1019&display_group=1
256,VONIN Majesta Recovery Fluid 150ml,USD 57.13,USD 48.56,https://jolse.com/product/detail.html?product_no=28716&cate_no=1019&display_group=1
257,VONIN The Style Standard Toner & Emulsion Set,USD 42.84,USD 36.41,https://jolse.com/product/detail.html?product_no=28712&cate_no=1019&display_group=1
258,VONIN The Style Standard Toner 135ml,USD 22.13,USD 18.81,https://jolse.com/product/detail.html?product_no=28708&cate_no=1019&display_group=1
259,Derma Lift Milderm Hyaluronic Toner Special Set,USD 35.75,USD 30.39,https://jolse.com/product/detail.html?product_no=28673&cate_no=1019&display_group=1
260,Derma Lift Intensiderm Rich Toner Special Set,USD 41.47,USD 35.25,https://jolse.com/product/detail.html?product_no=28669&cate_no=1019&display_group=1
261,SOME BY MI Yuja Niacin 30 Days Brightening Starter Kit,USD 28.00,USD 23.80,https://jolse.com/product/detail.html?product_no=28389&cate_no=1019&display_group=1
262,SOME BY MI Yuja Niacin Brightening Toner 150ml,USD 24.00,USD 20.40,https://jolse.com/product/detail.html?product_no=28380&cate_no=1019&display_group=1
263,CAREZONE Derma Milk-Hyaluronic Cream Skin Set,USD 27.13,USD 23.06,https://jolse.com/product/detail.html?product_no=28314&cate_no=1019&display_group=1
264,CAREZONE Nordenau Water Toner 170ml,USD 22.84,USD 19.41,https://jolse.com/product/detail.html?product_no=28281&cate_no=1019&display_group=1
265,CAREZONE A-Cure Clarifying Toner EX 170ml,USD 22.84,USD 19.41,https://jolse.com/product/detail.html?product_no=28272&cate_no=1019&display_group=1
266,ISA KNOX Crystal Aging Comforting Toner 150ml,USD 36.65,USD 25.65,https://jolse.com/product/detail.html?product_no=28248&cate_no=1019&display_group=1
267,ISA KNOX Age Focus Phyto Pro-Retinol Toner 160ml,USD 41.65,USD 29.15,https://jolse.com/product/detail.html?product_no=28239&cate_no=1019&display_group=1
268,ISA KNOX Age Focus Prime Double Effect Ampoule Skin 160ml,USD 39.98,USD 27.99,https://jolse.com/product/detail.html?product_no=28236&cate_no=1019&display_group=1
269,ISA KNOX TE'RVINA The Golden Original solution 130ml,USD 83.32,USD 58.32,https://jolse.com/product/detail.html?product_no=28222&cate_no=1019&display_group=1
270,WELLAGE Real Hyaluronic Capsule Serum Special Set,USD 42.00,USD 35.70,https://jolse.com/product/detail.html?product_no=28208&cate_no=1019&display_group=1
271,MISSHA Su:nhada Calendula pH 5.5 Soothing Mist 100ml,USD 14.16,USD 12.04,https://jolse.com/product/detail.html?product_no=28157&cate_no=1019&display_group=1
272,MISSHA Su:nhada Calendula pH 5.5 Soothing Toner 175ml,USD 15.66,USD 13.31,https://jolse.com/product/detail.html?product_no=28153&cate_no=1019&display_group=1
273,MISSHA Time Revolution Regenerating Royal Softener 150ml,USD 26.16,USD 22.24,https://jolse.com/product/detail.html?product_no=28148&cate_no=1019&display_group=1
274,MISSHA Vita C Plus Ascorbic Acid Brightening Toner 200ml,USD 19.66,USD 16.71,https://jolse.com/product/detail.html?product_no=28144&cate_no=1019&display_group=1
275,goodal Apple Aha Clearing Toner 300ml,USD 25.00,USD 21.25,https://jolse.com/product/detail.html?product_no=28131&cate_no=1019&display_group=1
276,goodal Apple Aha Clearing Pad 70ea,USD 25.00,USD 21.25,https://jolse.com/product/detail.html?product_no=28130&cate_no=1019&display_group=1
277,innisfree Brightening Pore Skin 150ml,USD 25.43,USD 19.07,https://jolse.com/product/detail.html?product_no=28116&cate_no=1019&display_group=1
278,Holika Holika Prime Youth 24K Gold Repair Toner 120ml,USD 60.16,USD 51.14,https://jolse.com/product/detail.html?product_no=28079&cate_no=1019&display_group=1
279,Dr.Belmeur Cleanface Mild Toner 145ml,USD 17.66,USD 15.01,https://jolse.com/product/detail.html?product_no=28060&cate_no=1019&display_group=1
280,d'Alba Peptide No Sebum Balancing Toner 145ml,USD 35.00,USD 29.75,https://jolse.com/product/detail.html?product_no=27970&cate_no=1019&display_group=1
281,the SAEM Natural Daily Skin Clearing Toner 500ml,USD 23.16,USD 19.69,https://jolse.com/product/detail.html?product_no=27956&cate_no=1019&display_group=1
282,ETUDE HOUSE Real Propolis Water Treatment 170ml,USD 33.29,USD 28.30,https://jolse.com/product/detail.html?product_no=27950&cate_no=1019&display_group=1
283,ROUND LAB 1025 Dokdo Pad 70ea,USD 24.00,USD 13.99,https://jolse.com/product/detail.html?product_no=27935&cate_no=1019&display_group=1
284,NACIFIC Fresh Herb Origin Kit,USD 42.00,USD 35.70,https://jolse.com/product/detail.html?product_no=27932&cate_no=1019&display_group=1
285,NACIFIC Phyto Niacin Whitening Kit,USD 42.00,USD 35.70,https://jolse.com/product/detail.html?product_no=27928&cate_no=1019&display_group=1
286,Sooryehan Hyobidam Fermented Skin Toner 150ml,USD 34.30,USD 23.99,https://jolse.com/product/detail.html?product_no=27920&cate_no=1019&display_group=1
287,MISSHA Bee Pollen Renew Ampoule Skin 150ml,USD 22.16,USD 18.84,https://jolse.com/product/detail.html?product_no=27884&cate_no=1019&display_group=1
288,VILLAGE 11 FACTORY Moisture Toner 120ml,USD 14.28,USD 12.14,https://jolse.com/product/detail.html?product_no=27849&cate_no=1019&display_group=1
289,SAM'U PH Sensitive Toner 130ml,USD 25.00, ,https://jolse.com/product/detail.html?product_no=27843&cate_no=1019&display_group=1
290,BEYOND Acnature Healing Toner 150ml,USD 33.40,USD 28.39,https://jolse.com/product/detail.html?product_no=27675&cate_no=1019&display_group=1
291,BEYOND Lotus Aqua Bloom Toner 190ml,USD 22.60,USD 19.21,https://jolse.com/product/detail.html?product_no=27671&cate_no=1019&display_group=1
292,BEYOND Phyto Aqua Toner 150ml,USD 39.40,USD 33.49,https://jolse.com/product/detail.html?product_no=27666&cate_no=1019&display_group=1
293,BEYOND Angel Aqua Daily Big Toner 500ml,USD 27.00,USD 22.95,https://jolse.com/product/detail.html?product_no=27663&cate_no=1019&display_group=1
294,NEOGEN H2 Dermadeca Serum Spray 120ml,USD 19.00, ,https://jolse.com/product/detail.html?product_no=27622&cate_no=1019&display_group=1
295,celimax The Real Sedum Aqua Shield Mist 50ml,USD 14.00,USD 11.90,https://jolse.com/product/detail.html?product_no=27618&cate_no=1019&display_group=1
296,celimax The Real Noni Energy Ampoule Mist 50ml,USD 16.00,USD 13.60,https://jolse.com/product/detail.html?product_no=27617&cate_no=1019&display_group=1
297,celimax The Real Noni Moisture Balancing Toner 150ml,USD 25.00,USD 21.25,https://jolse.com/product/detail.html?product_no=27616&cate_no=1019&display_group=1
298,FROM NATURE Aloevera 98% Soothing Gel Mist 120ml,USD 10.00,USD 8.50,https://jolse.com/product/detail.html?product_no=27324&cate_no=1019&display_group=1
299,A'PIEU Lactobacillus Moisturizing Toner 210ml,USD 26.98,USD 24.28,https://jolse.com/product/detail.html?product_no=27228&cate_no=1019&display_group=1
300,FROM NATURE Aloevera 98% Moisture Soothing Skin 150ml,USD 17.00,USD 14.45,https://jolse.com/product/detail.html?product_no=27194&cate_no=1019&display_group=1
301,BE PLAIN Chamomile pH-Balanced Toner 190ml,USD 24.00,USD 20.40,https://jolse.com/product/detail.html?product_no=27012&cate_no=1019&display_group=1
302,RiRe Hydro Cream Mist 80ml,USD 17.00,USD 14.45,https://jolse.com/product/detail.html?product_no=26966&cate_no=1019&display_group=1
303,RiRe Pore Tightening Fresh Toner 300ml,USD 18.00,USD 15.30,https://jolse.com/product/detail.html?product_no=26938&cate_no=1019&display_group=1
304,RiRe All Kill Toner Pad 70ea,USD 15.50,USD 13.17,https://jolse.com/product/detail.html?product_no=26928&cate_no=1019&display_group=1
305,Isntree Spot Saver Mugwort Toner Pads 60pcs,USD 29.86,USD 19.99,https://jolse.com/product/detail.html?product_no=26903&cate_no=1019&display_group=1
306,Gilla8 Tea Tree Cica Extra Calming Facial Toner 300ml,USD 32.00,USD 22.40,https://jolse.com/product/detail.html?product_no=26781&cate_no=1019&display_group=1
307,Gilla8 Damask Rose Extra Radiance Facial Toner 300ml,USD 32.00,USD 22.40,https://jolse.com/product/detail.html?product_no=26780&cate_no=1019&display_group=1
308,Commleaf Skin Relief Soothing Toner 120ml,USD 35.00,USD 29.75,https://jolse.com/product/detail.html?product_no=26763&cate_no=1019&display_group=1
309,Dr.Jart+ Ctrl-A Teatreement Toner 120ml,USD 22.00,USD 12.99,https://jolse.com/product/detail.html?product_no=26751&cate_no=1019&display_group=1
310,It's skin Cream In Skin 150ml,USD 26.00,USD 22.10,https://jolse.com/product/detail.html?product_no=26745&cate_no=1019&display_group=1
311,It's skin Power 10 Formula Mist 80ml,USD 15.30,USD 13.00,https://jolse.com/product/detail.html?product_no=26729&cate_no=1019&display_group=1
312,ROVECTIN Cica Care Purifying Toner 260ml,USD 24.00,USD 20.40,https://jolse.com/product/detail.html?product_no=26116&cate_no=1019&display_group=1
313,ROVECTIN Skin Essentials Activating Treatment Lotion 100ml,USD 19.00,USD 16.15,https://jolse.com/product/detail.html?product_no=26109&cate_no=1019&display_group=1
314,ROVECTIN Skin Essentials Activating Treatment Lotion 180ml,USD 29.00,USD 24.65,https://jolse.com/product/detail.html?product_no=26108&cate_no=1019&display_group=1
315,Skin Watchers Green Snail Intensive Toner 150ml,USD 28.00,USD 23.80,https://jolse.com/product/detail.html?product_no=26061&cate_no=1019&display_group=1
316,Benton PHA Peeling Toner 150ml,USD 26.00,USD 22.10,https://jolse.com/product/detail.html?product_no=26051&cate_no=1019&display_group=1
317,Benton Cacao Moist and Mild Toner 150ml,USD 20.00,USD 17.00,https://jolse.com/product/detail.html?product_no=26048&cate_no=1019&display_group=1
318,2NDESIGN First Toner Essence 200ml,USD 15.00,USD 12.75,https://jolse.com/product/detail.html?product_no=26042&cate_no=1019&display_group=1
319,2NDESIGN First Toner Clear 200ml,USD 14.00,USD 11.90,https://jolse.com/product/detail.html?product_no=26041&cate_no=1019&display_group=1
320,AGATHA Optimum Plus Skin Balancing Toner 100ml,USD 30.00,USD 25.50,https://jolse.com/product/detail.html?product_no=25889&cate_no=1019&display_group=1
321,SOME BY MI Snail Truecica Miracle Repair Starter Kit Edition,USD 28.00,USD 23.80,https://jolse.com/product/detail.html?product_no=25865&cate_no=1019&display_group=1
322,Aromatica Vitalizing Rosemary Decoction Toner 300ml,USD 24.00,USD 20.40,https://jolse.com/product/detail.html?product_no=25848&cate_no=1019&display_group=1
323,Aromatica Reviving Rose Infusion Treatment Toner 200ml,USD 42.00,USD 35.70,https://jolse.com/product/detail.html?product_no=25845&cate_no=1019&display_group=1
324,HOLIKA HOLIKA TerraCotta Edition Hard Cover Fixing Mist 120ml,USD 21.16,USD 17.99,https://jolse.com/product/detail.html?product_no=25830&cate_no=1019&display_group=1
325,BLITHE INBETWEEN Aurora Second Skin Primer & Setting Mist 82ml,USD 28.00,USD 23.80,https://jolse.com/product/detail.html?product_no=25813&cate_no=1019&display_group=1
326,HOLIKA HOLIKA Black Caviar Anti-Wrinkle Skin 120ml,USD 19.16,USD 16.29,https://jolse.com/product/detail.html?product_no=25782&cate_no=1019&display_group=1
327,HOLIKA HOLIKA Less On Skin Toner 180ml,USD 20.66,USD 17.56,https://jolse.com/product/detail.html?product_no=25505&cate_no=1019&display_group=1
328,TONYMOLY Beauty Award Winner's Kit,USD 32.98,USD 28.03,https://jolse.com/product/detail.html?product_no=25504&cate_no=1019&display_group=1
329,WellDerma G Plus Embellsih Essence Water 150ml,USD 22.00,USD 15.40,https://jolse.com/product/detail.html?product_no=24778&cate_no=1019&display_group=1
330,HOLIKA HOLIKA Mechnikov's Probiotics Formula Hydrating Toner 133ml + 7g,USD 32.66,USD 27.76,https://jolse.com/product/detail.html?product_no=24617&cate_no=1019&display_group=1
331,Neulii Derma Ectocica 11 Toner 125ml,USD 16.32,USD 13.87,https://jolse.com/product/detail.html?product_no=24604&cate_no=1019&display_group=1
332,MIZON Snail Line Miniature Set,USD 29.53,USD 20.67,https://jolse.com/product/detail.html?product_no=24584&cate_no=1019&display_group=1
333,MIZON Snail Repair Intensive Toner 100ml,USD 24.13,USD 16.89,https://jolse.com/product/detail.html?product_no=24573&cate_no=1019&display_group=1
334,MIZON AHA&BHA Daily Clean Toner 150ml,USD 22.66,USD 15.86,https://jolse.com/product/detail.html?product_no=24571&cate_no=1019&display_group=1
335,BONAJOUR No Sebum Bbosong Mist 50ml,USD 18.82,USD 16.00,https://jolse.com/product/detail.html?product_no=24468&cate_no=1019&display_group=1
336,BONAJOUR Green Tea Water Bomb Toner 205ml,USD 21.18,USD 18.00,https://jolse.com/product/detail.html?product_no=24466&cate_no=1019&display_group=1
337,BONAJOUR Eggplant BHA Daily Toner 205ml,USD 23.53,USD 20.00,https://jolse.com/product/detail.html?product_no=24464&cate_no=1019&display_group=1
338,BONAJOUR Elf Skin 150ml,USD 21.18,USD 18.00,https://jolse.com/product/detail.html?product_no=24459&cate_no=1019&display_group=1
339,ONSAEMEEIN Hyaluronic Acid Two Face Toner 150ml,USD 22.00,USD 18.70,https://jolse.com/product/detail.html?product_no=24402&cate_no=1019&display_group=1
340,MISSHA Glow Skin Balm To Go Mist 80ml,USD 21.48,USD 18.26,https://jolse.com/product/detail.html?product_no=24312&cate_no=1019&display_group=1
341,DPC Master Plan Balancing Core Toner 120ml,USD 29.00,USD 24.65,https://jolse.com/product/detail.html?product_no=24291&cate_no=1019&display_group=1
342,DMCK Pink Rose Sparkling Mist 80ml,USD 18.00,USD 12.60,https://jolse.com/product/detail.html?product_no=24209&cate_no=1019&display_group=1
343,DMCK Blue Ocean Sparkling Mist 80ml,USD 18.00,USD 12.60,https://jolse.com/product/detail.html?product_no=24208&cate_no=1019&display_group=1
344,DMCK Snail Toner 500ml,USD 37.00,USD 25.90,https://jolse.com/product/detail.html?product_no=24207&cate_no=1019&display_group=1
345,DMCK Clean Ac Mist 100ml,USD 33.00,USD 23.10,https://jolse.com/product/detail.html?product_no=24206&cate_no=1019&display_group=1
346,DMCK Tea Tree Ac Toner 500ml,USD 37.00,USD 25.90,https://jolse.com/product/detail.html?product_no=24205&cate_no=1019&display_group=1
347,DMCK Seaweed Hydra Toner 500ml,USD 37.00,USD 25.90,https://jolse.com/product/detail.html?product_no=24204&cate_no=1019&display_group=1
348,DMCK Marine Essence Toner 200ml,USD 31.00,USD 21.70,https://jolse.com/product/detail.html?product_no=24203&cate_no=1019&display_group=1
349,Grunersee Tea Tree Calming 5.5 Toner Pad 70ea,USD 25.00,USD 21.25,https://jolse.com/product/detail.html?product_no=24195&cate_no=1019&display_group=1
350,Grunersee Tea Tree Calming 5.5 Toner 210g,USD 20.00,USD 17.00,https://jolse.com/product/detail.html?product_no=24188&cate_no=1019&display_group=1
351,Grunersee Calendula Charging 5.5 Toner 210g,USD 20.00,USD 17.00,https://jolse.com/product/detail.html?product_no=23961&cate_no=1019&display_group=1
352,Grunersee Jeju Lava Seawater Aqua Toner 130ml,USD 26.00,USD 22.10,https://jolse.com/product/detail.html?product_no=23959&cate_no=1019&display_group=1
353,Centellian24 Madeca Facial Toner 300ml,USD 36.32,USD 30.87,https://jolse.com/product/detail.html?product_no=23947&cate_no=1019&display_group=1
354,AMPLE:N Ceramide Shot Ampoule Mist 80ml,USD 21.00,USD 17.85,https://jolse.com/product/detail.html?product_no=23899&cate_no=1019&display_group=1
355,AMPLE:N Hyaluron Shot Homme Set,USD 55.00,USD 46.75,https://jolse.com/product/detail.html?product_no=23876&cate_no=1019&display_group=1
356,AMPLE:N Hyaluron Shot Toner 220ml,USD 30.00,USD 25.50,https://jolse.com/product/detail.html?product_no=23863&cate_no=1019&display_group=1
357,berrisom Essential Boosting Toner 265ml,USD 17.00,USD 14.45,https://jolse.com/product/detail.html?product_no=23805&cate_no=1019&display_group=1
358,berrisom Collagen Intensive Firming Gel Toner 130ml,USD 28.00,USD 23.80,https://jolse.com/product/detail.html?product_no=23799&cate_no=1019&display_group=1
359,preange Skin Care Set,USD 43.00,USD 36.55,https://jolse.com/product/detail.html?product_no=23793&cate_no=1019&display_group=1
360,preange Angelica Toner Quick Calming Pad 5ea,USD 12.00,USD 10.20,https://jolse.com/product/detail.html?product_no=23792&cate_no=1019&display_group=1
361,preange Angelica Toner Quick Calming Pad 1ea,USD 4.00,USD 3.40,https://jolse.com/product/detail.html?product_no=23791&cate_no=1019&display_group=1
362,preange Angelica Toner 170ml,USD 22.00,USD 18.70,https://jolse.com/product/detail.html?product_no=23787&cate_no=1019&display_group=1
363,Neulii AC Clean Saver Toner 100ml,USD 17.00,USD 14.45,https://jolse.com/product/detail.html?product_no=23771&cate_no=1019&display_group=1
364,isoi Bulgarian Rose Laser White Tonic Essence 130ml,USD 37.00,USD 31.45,https://jolse.com/product/detail.html?product_no=23723&cate_no=1019&display_group=1
365,isoi Bulgarian Rose Pore Tightening Tonic Essence 130ml,USD 37.00,USD 31.45,https://jolse.com/product/detail.html?product_no=23713&cate_no=1019&display_group=1
366,"Logically, Skin 10 Days Trial Kit",USD 30.00,USD 25.50,https://jolse.com/product/detail.html?product_no=23706&cate_no=1019&display_group=1
367,"isoi Toner, A Bottled Oasis For Your Skin 130ml",USD 29.80,USD 25.33,https://jolse.com/product/detail.html?product_no=23683&cate_no=1019&display_group=1
368,MISSHA Tonight Brilliance Boosting Essence 120ml,USD 41.48,USD 35.26,https://jolse.com/product/detail.html?product_no=23679&cate_no=1019&display_group=1
369,isoi ACNI Dr. 1st Control Tonic 130ml,USD 33.00,USD 28.05,https://jolse.com/product/detail.html?product_no=23665&cate_no=1019&display_group=1
370,isoi Bulgarian Rose Waterfull Mist 55ml,USD 17.00,USD 14.45,https://jolse.com/product/detail.html?product_no=23660&cate_no=1019&display_group=1
371,isoi Bulgarian Rose Moisture Tonic Essence 130ml,USD 33.00,USD 28.05,https://jolse.com/product/detail.html?product_no=23654&cate_no=1019&display_group=1
372,isoi Bulgarian Rose Blemish Care Tonic Essence 130ml,USD 37.00,USD 31.45,https://jolse.com/product/detail.html?product_no=23643&cate_no=1019&display_group=1
373,peripera Sparkling Toktok Time Toner Pad 60ea,USD 17.80,USD 12.44,https://jolse.com/product/detail.html?product_no=23568&cate_no=1019&display_group=1
374,innisfree Bija Cica Mist 80ml,USD 18.25,USD 13.32,https://jolse.com/product/detail.html?product_no=23487&cate_no=1019&display_group=1
375,ETUDE HOUSE Moistfull Collagen Facial Toner 200ml,USD 18.83,USD 16.01,https://jolse.com/product/detail.html?product_no=23478&cate_no=1019&display_group=1
376,skin79 Jeju Aloe Aqua Toner 150ml,USD 14.00,USD 11.90,https://jolse.com/product/detail.html?product_no=22914&cate_no=1019&display_group=1
377,skin79 Golden Snail Intensive Toner 130ml,USD 27.00,USD 22.95,https://jolse.com/product/detail.html?product_no=22901&cate_no=1019&display_group=1
378,CHARMZONE DeAGE Red-Addition Skin Toner + Emulsion Set,USD 47.12,USD 40.05,https://jolse.com/product/detail.html?product_no=22801&cate_no=1019&display_group=1
379,CHARMZONE DeAGE Red-Addition Skin Toner 130ml,USD 22.84,USD 19.41,https://jolse.com/product/detail.html?product_no=22793&cate_no=1019&display_group=1
380,innisfree Olive Real Oil Mist EX 80ml,USD 13.69,USD 9.99,https://jolse.com/product/detail.html?product_no=22770&cate_no=1019&display_group=1
381,so natural Cera Plus Peptide Toner Essence 120ml,USD 40.18,USD 28.09,https://jolse.com/product/detail.html?product_no=22713&cate_no=1019&display_group=1
382,innisfree Veggie Water Toning Mist 120ml,USD 18.89,USD 13.79,https://jolse.com/product/detail.html?product_no=22673&cate_no=1019&display_group=1
383,HYGGEE All-In-One Mist 100ml,USD 26.00,USD 10.99,https://jolse.com/product/detail.html?product_no=22652&cate_no=1019&display_group=1
384,MISSHA Actibarrier Strong Moist pH Toner 220ml,USD 21.66,USD 18.41,https://jolse.com/product/detail.html?product_no=22644&cate_no=1019&display_group=1
385,CELDERMA daily Mild Peeling Water 500ml,USD 24.00,USD 20.40,https://jolse.com/product/detail.html?product_no=22598&cate_no=1019&display_group=1
386,Isntree Hyaluronic Acid Toner 400ml (Renewal),USD 34.27,USD 24.99,https://jolse.com/product/detail.html?product_no=22569&cate_no=1019&display_group=1
387,Isntree Hyaluronic Acid Toner Plus 200ml,USD 23.64,USD 16.99,https://jolse.com/product/detail.html?product_no=22561&cate_no=1019&display_group=1
388,ALIVE:LAB Multi ICE Water 125ml,USD 12.00,USD 10.20,https://jolse.com/product/detail.html?product_no=22544&cate_no=1019&display_group=1
389,BY ECOM Pure Calming First Water 210ml,USD 37.00,USD 31.45,https://jolse.com/product/detail.html?product_no=22543&cate_no=1019&display_group=1
390,MAY ISLAND 7 Days Secret Vita Plus-10 Toner 155ml,USD 16.50,USD 14.02,https://jolse.com/product/detail.html?product_no=22534&cate_no=1019&display_group=1
391,SON&PARK BEAUTY WATER Set (340ml + 60ml),USD 32.92,USD 27.98,https://jolse.com/product/detail.html?product_no=22533&cate_no=1019&display_group=1
392,CAOLION PEACE WATER Aqua Essence Mist 140ml,USD 25.00,USD 21.25,https://jolse.com/product/detail.html?product_no=22477&cate_no=1019&display_group=1
393,THE LAB by blanc doux Oligo Hyaluronic Acid 5000 Toner 200ml,USD 21.00,USD 17.85,https://jolse.com/product/detail.html?product_no=22475&cate_no=1019&display_group=1
394,THE LAB by blanc doux Oligo Hyaluronic Acid 5000 Toner 500ml,USD 34.00,USD 28.90,https://jolse.com/product/detail.html?product_no=22474&cate_no=1019&display_group=1
395,THE LAB by blanc doux Oligo Hyaluronic Acid 7 Multi-formula Pad 120g,USD 28.00,USD 12.99,https://jolse.com/product/detail.html?product_no=22472&cate_no=1019&display_group=1
396,CAOLION Pore Deep Toner Set,USD 33.00,USD 28.05,https://jolse.com/product/detail.html?product_no=22454&cate_no=1019&display_group=1
397,SHANGPREE Gold Essence Toner 120ml,USD 38.00,USD 32.30,https://jolse.com/product/detail.html?product_no=22357&cate_no=1019&display_group=1
398,TONYMOLY The Chok Chok Green Tea Watery Set,USD 36.57,USD 31.08,https://jolse.com/product/detail.html?product_no=21933&cate_no=1019&display_group=1
399,Cell Fusion C Tre.AC pH Condition Toner 200ml,USD 24.00,USD 20.40,https://jolse.com/product/detail.html?product_no=21792&cate_no=1019&display_group=1
400,ATRUE Origin pH Balancing Toner 300ml,USD 28.00,USD 23.80,https://jolse.com/product/detail.html?product_no=21774&cate_no=1019&display_group=1
401,ATRUE Violet Petal Black Tea Hydrating Toner 180ml,USD 29.00,USD 24.65,https://jolse.com/product/detail.html?product_no=21764&cate_no=1019&display_group=1
402,Dr.Ceuracle Hyal Reyouth Toner 120ml,USD 28.00,USD 19.18,https://jolse.com/product/detail.html?product_no=21575&cate_no=1019&display_group=1
403,heimish Refresh Water 250ml,USD 22.00,USD 18.70,https://jolse.com/product/detail.html?product_no=21341&cate_no=1019&display_group=1
404,Troiareuke Healing Cocktail Ampoule Toner 70ml,USD 48.00,USD 40.80,https://jolse.com/product/detail.html?product_no=21261&cate_no=1019&display_group=1
405,Troiareuke Healing Cocktail Ampoule Toner 200ml,USD 100.00,USD 85.00,https://jolse.com/product/detail.html?product_no=21250&cate_no=1019&display_group=1
406,KEEP COOL Soothe Bamboo Toner 160ml,USD 17.00,USD 14.45,https://jolse.com/product/detail.html?product_no=21108&cate_no=1019&display_group=1
407,innisfree Blueberry Rebalancing Skin 150ml,USD 18.60,USD 9.86,https://jolse.com/product/detail.html?product_no=20715&cate_no=1019&display_group=1
408,skin79 Ceranolin Peeling Toner 130ml,USD 18.56,USD 15.78,https://jolse.com/product/detail.html?product_no=20696&cate_no=1019&display_group=1
409,skin79 Ceranolin Toner 130ml,USD 18.56,USD 15.78,https://jolse.com/product/detail.html?product_no=20695&cate_no=1019&display_group=1
410,KLAVUU White Pearlsation Revitalizing Pearl Treatment Toner 140ml,USD 38.00,USD 32.30,https://jolse.com/product/detail.html?product_no=20677&cate_no=1019&display_group=1
411,Dr.Ceuracle Tea Tree Purifine 70 Toner 100ml,USD 28.00,USD 19.18,https://jolse.com/product/detail.html?product_no=20580&cate_no=1019&display_group=1
412,SWANICOCO A.C Control Care Skintoner 120ml,USD 32.94,USD 28.00,https://jolse.com/product/detail.html?product_no=20197&cate_no=1019&display_group=1
413,SWANICOCO Fermentation Snail Care Skintoner 120ml,USD 23.53,USD 20.00,https://jolse.com/product/detail.html?product_no=20195&cate_no=1019&display_group=1
414,PETITFEE Azulene Ultra Soothing Pads 70ea,USD 32.50,USD 27.62,https://jolse.com/product/detail.html?product_no=20169&cate_no=1019&display_group=1
415,TONYMOLY Bling Cat Balancing Skin 150ml,USD 14.98,USD 12.73,https://jolse.com/product/detail.html?product_no=20084&cate_no=1019&display_group=1
416,innisfree Jeju Volcanic Pore Toner 2X 200ml,USD 20.22,USD 15.16,https://jolse.com/product/detail.html?product_no=20058&cate_no=1019&display_group=1
417,Benton Tea Tree Mist 80ml,USD 19.00,USD 16.15,https://jolse.com/product/detail.html?product_no=20046&cate_no=1019&display_group=1
418,MISSHA Super Aqua Ultra Hyalron Skin Essence 200ml,USD 23.66,USD 20.11,https://jolse.com/product/detail.html?product_no=19894&cate_no=1019&display_group=1
419,NACIFIC Fresh Cica Plus Clear Toner 150ml,USD 20.50,USD 17.42,https://jolse.com/product/detail.html?product_no=19714&cate_no=1019&display_group=1
420,ONSAEMEEIN Perfect Moisture Toner 200ml,USD 17.00,USD 14.45,https://jolse.com/product/detail.html?product_no=19695&cate_no=1019&display_group=1
421,innisfree Green Barley Peeling Toner 250ml,USD 21.59,USD 15.76,https://jolse.com/product/detail.html?product_no=19472&cate_no=1019&display_group=1
422,innisfree Green Tea Balancing Skin EX 200ml,USD 22.58,USD 15.35,https://jolse.com/product/detail.html?product_no=19460&cate_no=1019&display_group=1
423,Real Barrier Essence Mist 100ml,USD 24.00,USD 20.40,https://jolse.com/product/detail.html?product_no=19318&cate_no=1019&display_group=1
424,THANK YOU FARMER Miracle Age Repair Toner 150ml,USD 40.00,USD 34.00,https://jolse.com/product/detail.html?product_no=19011&cate_no=1019&display_group=1
425,THANK YOU FARMER True Water Vita Mist 105ml,USD 24.00,USD 20.40,https://jolse.com/product/detail.html?product_no=19010&cate_no=1019&display_group=1
426,THANK YOU FARMER True Water Light Toner 155ml,USD 29.00,USD 24.65,https://jolse.com/product/detail.html?product_no=19007&cate_no=1019&display_group=1
427,THANK YOU FARMER True Water Deep Toner 150ml,USD 32.00,USD 27.20,https://jolse.com/product/detail.html?product_no=19003&cate_no=1019&display_group=1
428,goodal Ampoule Mist 80ml,USD 18.98,USD 16.13,https://jolse.com/product/detail.html?product_no=18988&cate_no=1019&display_group=1
429,innisfree Green Tea Seed Skin 200ml,USD 24.22,USD 16.47,https://jolse.com/product/detail.html?product_no=18964&cate_no=1019&display_group=1
430,ROUND LAB Soybean Nourishing Toner 300ml,USD 25.00,USD 14.99,https://jolse.com/product/detail.html?product_no=18929&cate_no=1019&display_group=1
431,The History of Whoo Cheonyuldan Ultimate Rejuvenating Balancer 150ml,USD 115.00,USD 97.75,https://jolse.com/product/detail.html?product_no=18921&cate_no=1019&display_group=1
432,ROUND LAB Birch Juice Moisturizing Toner 300ml,USD 25.00,USD 14.99,https://jolse.com/product/detail.html?product_no=18920&cate_no=1019&display_group=1
433,MISSHA Cicadin Hydro pH Toner 165ml,USD 17.16,USD 11.99,https://jolse.com/product/detail.html?product_no=18898&cate_no=1019&display_group=1
434,SOME BY MI AHA BHA PHA 30 Days Miracle Starter Kit Edition,USD 28.00,USD 23.80,https://jolse.com/product/detail.html?product_no=18895&cate_no=1019&display_group=1
435,TONYMOLY The Chok Chok Green Tea Ampoule Mist 150ml,USD 14.48,USD 12.31,https://jolse.com/product/detail.html?product_no=18866&cate_no=1019&display_group=1
436,MAY COOP Bamboo Calming Dew 120ml,USD 32.00,USD 27.20,https://jolse.com/product/detail.html?product_no=18835&cate_no=1019&display_group=1
437,Dr.Belmeur Advanced Cica Toner 150ml,USD 24.16,USD 18.82,https://jolse.com/product/detail.html?product_no=18713&cate_no=1019&display_group=1
438,iUNIK Tea Tree Relief Toner 200ml,USD 21.99,USD 18.69,https://jolse.com/product/detail.html?product_no=18491&cate_no=1019&display_group=1
439,iUNIK Rose Galactomyces Essential Toner 200ml,USD 21.99,USD 18.69,https://jolse.com/product/detail.html?product_no=18488&cate_no=1019&display_group=1
440,MISSHA Vitamin B12 Double Hydrop Booster 195ml,USD 20.66,USD 17.56,https://jolse.com/product/detail.html?product_no=18390&cate_no=1019&display_group=1
441,MISSHA Bee Pollen Renew Treatment 150ml,USD 21.66,USD 18.41,https://jolse.com/product/detail.html?product_no=18387&cate_no=1019&display_group=1
442,ETUDE HOUSE Vita C Talk Boosting Water 150ml,USD 22.34,USD 18.99,https://jolse.com/product/detail.html?product_no=18317&cate_no=1019&display_group=1
443,O HUI Prime Advancer Skin Softener 150ml,USD 55.98,USD 47.58,https://jolse.com/product/detail.html?product_no=18224&cate_no=1019&display_group=1
444,O HUI The First Geniture Skin Softener 150ml,USD 74.98,USD 63.73,https://jolse.com/product/detail.html?product_no=18212&cate_no=1019&display_group=1
445,innisfree Green Tea Balancing Skin EX (7days) 10ml,USD 6.66,USD 4.20,https://jolse.com/product/detail.html?product_no=17877&cate_no=1019&display_group=1
446,innisfree Cauliflower Mushroom Vital Skin 200ml,USD 30.98,USD 20.76,https://jolse.com/product/detail.html?product_no=17873&cate_no=1019&display_group=1
447,HERA UV MIST CUSHION COVER SPF34/PA++  Refill 15g,USD 21.98,USD 18.68,https://jolse.com/product/detail.html?product_no=17867&cate_no=1019&display_group=1
448,COSRX AC Collection Calming Liquid Intensive 125ml,USD 26.00,USD 22.10,https://jolse.com/product/detail.html?product_no=17797&cate_no=1019&display_group=1
449,NATURE REPUBLIC Real Comforting Hyaluronic Water Toner 400ml,USD 26.66,USD 22.66,https://jolse.com/product/detail.html?product_no=17781&cate_no=1019&display_group=1
450,TONYMOLY The Black Tea London Classic Toner 160ml,USD 27.57,USD 23.43,https://jolse.com/product/detail.html?product_no=17630&cate_no=1019&display_group=1
451,Hanyul Mentha Trouble Toner 300ml,USD 30.57,USD 25.98,https://jolse.com/product/detail.html?product_no=17496&cate_no=1019&display_group=1
452,HanYul Geuk Jin Toner 150ml,USD 58.57,USD 49.78,https://jolse.com/product/detail.html?product_no=17460&cate_no=1019&display_group=1
453,KEEP COOL Soothe Bamboo Toner 350ml,USD 30.00,USD 25.50,https://jolse.com/product/detail.html?product_no=17454&cate_no=1019&display_group=1
454,TOAS Miracle Laser Skin Toner 150ml,USD 37.00,USD 31.45,https://jolse.com/product/detail.html?product_no=17445&cate_no=1019&display_group=1
455,A'PIEU Nonco Tea Tree Toner Tissue 20sheets,USD 8.57,USD 7.71,https://jolse.com/product/detail.html?product_no=17418&cate_no=1019&display_group=1
456,NACIFIC Fresh Herb Origin Cotton Toner 70ea,USD 27.00,USD 22.95,https://jolse.com/product/detail.html?product_no=16882&cate_no=1019&display_group=1
457,NACIFIC Glow Intensive Bubble Toner 145ml,USD 26.00,USD 22.10,https://jolse.com/product/detail.html?product_no=16880&cate_no=1019&display_group=1
458,NACIFIC Phyto Niacin Whitening Toner 150ml,USD 26.00,USD 22.10,https://jolse.com/product/detail.html?product_no=16879&cate_no=1019&display_group=1
459,NACIFIC Real Rose Floral Toner 180ml,USD 26.00,USD 22.10,https://jolse.com/product/detail.html?product_no=16878&cate_no=1019&display_group=1
460,NACIFIC Fresh Herb Origin Toner 150ml,USD 26.00,USD 22.10,https://jolse.com/product/detail.html?product_no=16876&cate_no=1019&display_group=1
461,Dr.Jart+ Ceramidin Liquid 150ml,USD 39.00,USD 19.99,https://jolse.com/product/detail.html?product_no=16860&cate_no=1019&display_group=1
462,CNP Laboratory Invisible Peeling Booster 100ml,USD 38.40,USD 28.80,https://jolse.com/product/detail.html?product_no=16832&cate_no=1019&display_group=1
463,CNP Laboratory Aqua Soothing Toner Special Set 200ml,USD 32.00,USD 24.00,https://jolse.com/product/detail.html?product_no=16831&cate_no=1019&display_group=1
464,IOPE Derma Trouble Toner 200ml,USD 29.66,USD 25.21,https://jolse.com/product/detail.html?product_no=16406&cate_no=1019&display_group=1
465,the SAEM Calamansi Pore Freshner 270ml,USD 17.66,USD 15.01,https://jolse.com/product/detail.html?product_no=16375&cate_no=1019&display_group=1
466,KEEP COOL Shine Fixence Mist 60ml,USD 10.00,USD 8.50,https://jolse.com/product/detail.html?product_no=16353&cate_no=1019&display_group=1
467,KEEP COOL Ocean Fixence Mist 60ml,USD 10.00,USD 8.50,https://jolse.com/product/detail.html?product_no=16352&cate_no=1019&display_group=1
468,TIAM Centella Face Calming Toner 180ml,USD 18.20,USD 15.47,https://jolse.com/product/detail.html?product_no=16334&cate_no=1019&display_group=1
469,MAMONDE Rose Water Toner Pad 40ea,USD 14.98,USD 12.73,https://jolse.com/product/detail.html?product_no=16010&cate_no=1019&display_group=1
470,MAMONDE Rose Water Toner 500ml,USD 30.98,USD 26.33,https://jolse.com/product/detail.html?product_no=16003&cate_no=1019&display_group=1
471,MAMONDE Chamomile pure toner 250ml,USD 18.48,USD 15.71,https://jolse.com/product/detail.html?product_no=15997&cate_no=1019&display_group=1
472,MAMONDE Aqua Peel Toner 250ml,USD 18.48,USD 15.71,https://jolse.com/product/detail.html?product_no=15993&cate_no=1019&display_group=1
473,Isntree Sensitve Balancing Thermal Toner 200ml,USD 20.92,USD 14.99,https://jolse.com/product/detail.html?product_no=15756&cate_no=1019&display_group=1
474,Isntree Green tea Fresh Toner 200ml,USD 21.56,USD 13.99,https://jolse.com/product/detail.html?product_no=15753&cate_no=1019&display_group=1
475,Isntree Aloe Soothing Toner 200ml,USD 21.56,USD 14.99,https://jolse.com/product/detail.html?product_no=15749&cate_no=1019&display_group=1
476,HERA UV MIST CUSHION ULTRA MOISTURE SPF34/PA++ 15g + Refill 15g,USD 47.66,USD 40.51,https://jolse.com/product/detail.html?product_no=15728&cate_no=1019&display_group=1
477,HERA UV MIST CUSHION COVER  SPF34/PA++ 15g + Refill 15g,USD 47.66,USD 40.51,https://jolse.com/product/detail.html?product_no=15727&cate_no=1019&display_group=1
478,A'PIEU Raspberry Vinegar Hair Mist 105ml,USD 16.07,USD 14.46,https://jolse.com/product/detail.html?product_no=15720&cate_no=1019&display_group=1
479,NATURE REPUBLIC Argan Essential Moist Hair Mist 220ml,USD 16.16,USD 13.74,https://jolse.com/product/detail.html?product_no=15706&cate_no=1019&display_group=1
480,Wish Formula Fermented Hydra Essential Toner 180ml,USD 25.26,USD 21.47,https://jolse.com/product/detail.html?product_no=15656&cate_no=1019&display_group=1
481,the SAEM Mervie Aquaura Toner 150ml,USD 29.16,USD 24.79,https://jolse.com/product/detail.html?product_no=15566&cate_no=1019&display_group=1
482,the SAEM Derma Plan Soothing Toner 155ml,USD 24.16,USD 20.54,https://jolse.com/product/detail.html?product_no=15560&cate_no=1019&display_group=1
483,the SAEM Derma Plan Peeling Toner Pad 70ea,USD 24.16,USD 20.54,https://jolse.com/product/detail.html?product_no=15559&cate_no=1019&display_group=1
484,TONYMOLY Bio Ex Homme Skin 130ml,USD 23.48,USD 19.96,https://jolse.com/product/detail.html?product_no=15242&cate_no=1019&display_group=1
485,innisfree Oat Mild Moisture Skin 150ml,USD 18.60,USD 9.86,https://jolse.com/product/detail.html?product_no=15169&cate_no=1019&display_group=1
486,BLITHE VItal Treatment 9 Essential Seeds 150ml,USD 40.80,USD 34.68,https://jolse.com/product/detail.html?product_no=15116&cate_no=1019&display_group=1
487,DERMATORY Hypoallergenic Moisturizing Toner 300ml,USD 22.98,USD 19.53,https://jolse.com/product/detail.html?product_no=14987&cate_no=1019&display_group=1
488,DERMATORY Hypoallergenic Cica Rescue Gauze Pad 60ea,USD 22.98,USD 19.53,https://jolse.com/product/detail.html?product_no=14979&cate_no=1019&display_group=1
489,NATUREKIND Clear Pads 70ea,USD 18.00,USD 15.30,https://jolse.com/product/detail.html?product_no=14760&cate_no=1019&display_group=1
490,TOSOWOONG SOS Tightening PORE Clinic Witch Hazel Pore Toner 80ml,USD 22.00,USD 18.70,https://jolse.com/product/detail.html?product_no=14378&cate_no=1019&display_group=1
491,TOSOWOONG SOS TIghtening PORE Clinic All-In-One Tightening Pore Pads 70ea,USD 25.91,USD 22.02,https://jolse.com/product/detail.html?product_no=14340&cate_no=1019&display_group=1
492,TOSOWOONG SOS Intensive RED Clinic Ovalicin Skin Clear Toner 80ml,USD 21.51,USD 18.28,https://jolse.com/product/detail.html?product_no=14319&cate_no=1019&display_group=1
493,Skin Watchers All New Ceramizing Toner 140ml,USD 22.00,USD 18.70,https://jolse.com/product/detail.html?product_no=14219&cate_no=1019&display_group=1
494,NATURE REPUBLIC Cell Power Essential Skin 120ml,USD 28.66,USD 24.36,https://jolse.com/product/detail.html?product_no=14193&cate_no=1019&display_group=1
495,Mamonde Men Recharging Toner 180ml,USD 18.98,USD 16.13,https://jolse.com/product/detail.html?product_no=14185&cate_no=1019&display_group=1
496,Nightingale Toning Peeling Pads Tea Tree 50ea,USD 17.63,USD 14.99,https://jolse.com/product/detail.html?product_no=14167&cate_no=1019&display_group=1
497,Nightingale Toning Peeling Pads Honey 50ea,USD 17.63,USD 14.99,https://jolse.com/product/detail.html?product_no=14166&cate_no=1019&display_group=1
498,Nightingale Daily Derma Cleansing Pads Mild 70ea,USD 19.98,USD 16.98,https://jolse.com/product/detail.html?product_no=14165&cate_no=1019&display_group=1
499,Nightingale Daily Derma Astringent Fresh Peach 300ml,USD 23.27,USD 19.78,https://jolse.com/product/detail.html?product_no=14153&cate_no=1019&display_group=1
500,Nightingale Daily Derma Eraser Toner Aroma Rose 300ml,USD 23.27,USD 19.78,https://jolse.com/product/detail.html?product_no=14151&cate_no=1019&display_group=1
501,Nightingale Daily Derma Eraser Toner Mild 300ml,USD 23.27,USD 19.78,https://jolse.com/product/detail.html?product_no=14150&cate_no=1019&display_group=1
502,HOLIKA HOLIKA AC MILD Toner 200ml,USD 21.16,USD 17.99,https://jolse.com/product/detail.html?product_no=14142&cate_no=1019&display_group=1
503,ETUDE HOUSE All Caring Eraser Pad 60 pads,USD 19.07,USD 16.21,https://jolse.com/product/detail.html?product_no=14105&cate_no=1019&display_group=1
504,A'PIEU Nonco Mastic Balancing Moisturizer 195ml,USD 21.53,USD 19.38,https://jolse.com/product/detail.html?product_no=13853&cate_no=1019&display_group=1
505,MAY COOP Raw Sauce 150ml,USD 43.00,USD 36.55,https://jolse.com/product/detail.html?product_no=13751&cate_no=1019&display_group=1
506,TONYMOLY Wonder Ceramide Mocchi Toner 500ml,USD 26.57,USD 22.58,https://jolse.com/product/detail.html?product_no=13612&cate_no=1019&display_group=1
507,TONYMOLY BIO EX Cell Peptide Toner 130ml,USD 31.57,USD 26.83,https://jolse.com/product/detail.html?product_no=13468&cate_no=1019&display_group=1
508,su:m37 LosecSumma Elixir Skin Softner 150ml,USD 100.00,USD 69.90,https://jolse.com/product/detail.html?product_no=12935&cate_no=1019&display_group=1
509,MISSHA MISA Geum Sul Toner 145ml,USD 29.16,USD 24.79,https://jolse.com/product/detail.html?product_no=12866&cate_no=1019&display_group=1
510,HOLIKA HOLIKA Good Cera Super Ceramide Toner 180ml,USD 20.16,USD 17.14,https://jolse.com/product/detail.html?product_no=12786&cate_no=1019&display_group=1
511,HOLIKA HOLIKA Good Cera Super Ceramide Mist 120ml,USD 18.76,USD 15.95,https://jolse.com/product/detail.html?product_no=12785&cate_no=1019&display_group=1
512,secretKey Starting Treatment Aura Mist 100ml,USD 19.00,USD 16.15,https://jolse.com/product/detail.html?product_no=12510&cate_no=1019&display_group=1
513,secretKey Snail Repairing Toner 150ml,USD 16.00,USD 13.60,https://jolse.com/product/detail.html?product_no=12479&cate_no=1019&display_group=1
514,secretKey SYN-AKE Anti Wrinkle & Whitening Toner 150ml,USD 28.00,USD 23.80,https://jolse.com/product/detail.html?product_no=12474&cate_no=1019&display_group=1
515,secretKey Black Out Pore Clean Toner 250ml,USD 15.00,USD 12.75,https://jolse.com/product/detail.html?product_no=12468&cate_no=1019&display_group=1
516,Pyunkang Yul Mist Toner 100ml,USD 14.31,USD 12.16,https://jolse.com/product/detail.html?product_no=12371&cate_no=1019&display_group=1
517,Pyunkang Yul Mist Toner 200ml,USD 22.10,USD 18.78,https://jolse.com/product/detail.html?product_no=12370&cate_no=1019&display_group=1
518,Troiareuke ACSEN TOC Toner 100ml,USD 38.00,USD 32.30,https://jolse.com/product/detail.html?product_no=12097&cate_no=1019&display_group=1
519,The History of Whoo All In One Balancer 120ml,USD 57.98,USD 49.28,https://jolse.com/product/detail.html?product_no=12008&cate_no=1019&display_group=1
520,Wish Formula Optima 7 Pad 50sheets,USD 18.18,USD 15.45,https://jolse.com/product/detail.html?product_no=11833&cate_no=1019&display_group=1
521,Wish Formula Day Day 365 All In One Boosting Pad Mask 28pads,USD 25.11,USD 21.34,https://jolse.com/product/detail.html?product_no=11831&cate_no=1019&display_group=1
522,NAKEUP FACE Stress 0 Toner 500ml,USD 26.90,USD 22.86,https://jolse.com/product/detail.html?product_no=11510&cate_no=1019&display_group=1
523,Hope Girl REVITAL SNAIL TONER 145ml,USD 27.00,USD 22.95,https://jolse.com/product/detail.html?product_no=11475&cate_no=1019&display_group=1
524,Huxley TONER EXTRACT IT 120ml,USD 32.00,USD 24.98,https://jolse.com/product/detail.html?product_no=11455&cate_no=1019&display_group=1
525,HOLIKA HOLIKA Biotin Damage Care Oil Mist 120ml,USD 11.66,USD 9.91,https://jolse.com/product/detail.html?product_no=11332&cate_no=1019&display_group=1
526,TONYMOLY Wonder Rice Smoothing Toner 500ml,USD 24.57,USD 20.88,https://jolse.com/product/detail.html?product_no=11108&cate_no=1019&display_group=1
527,TOSOWOONG Dr. Troubex Blemish Pad (70pcs in a box),USD 23.08,USD 19.62,https://jolse.com/product/detail.html?product_no=10862&cate_no=1019&display_group=1
528,TOSOWOONG Dr. Troubex Sparkling Skin Toner 100ml,USD 16.96,USD 14.42,https://jolse.com/product/detail.html?product_no=10799&cate_no=1019&display_group=1
529,Sulwhasoo Snowise Brightening Water 125ml,USD 57.98,USD 49.28,https://jolse.com/product/detail.html?product_no=10748&cate_no=1019&display_group=1
530,TOSOWOONG Men's Booster Repair Skin Toner Lotion Set,USD 41.24,USD 35.05,https://jolse.com/product/detail.html?product_no=10690&cate_no=1019&display_group=1
531,su:m37 Secret Essence Mist 60ml*2,USD 45.00,USD 33.70,https://jolse.com/product/detail.html?product_no=10661&cate_no=1019&display_group=1
532,NATURE REPUBLIC Skin Smoothing Body Peeling Mist Cotton 250ml,USD 16.16,USD 13.74,https://jolse.com/product/detail.html?product_no=9819&cate_no=1019&display_group=1
533,NATURE REPUBLIC Skin Smoothing Body Peeling Mist Peach 250ml,USD 15.16,USD 12.89,https://jolse.com/product/detail.html?product_no=9818&cate_no=1019&display_group=1
534,TONYMOLY Tony Lab AC Control Toner 180ml,USD 18.07,USD 15.36,https://jolse.com/product/detail.html?product_no=9781&cate_no=1019&display_group=1
535,TONYMOLY Floria Whitening Petal Toner 180ml,USD 21.07,USD 17.91,https://jolse.com/product/detail.html?product_no=9753&cate_no=1019&display_group=1
536,MAMONDE Enriched Nutri Skin Softener 200ml,USD 21.78,USD 18.51,https://jolse.com/product/detail.html?product_no=9463&cate_no=1019&display_group=1
537,su:m37 Dear Homme Perfect Toner 130ml,USD 40.00,USD 31.96,https://jolse.com/product/detail.html?product_no=9432&cate_no=1019&display_group=1
538,NATURE REPUBLIC Super Aqua Max Watery Toner 150ml,USD 21.66,USD 18.41,https://jolse.com/product/detail.html?product_no=9307&cate_no=1019&display_group=1
539,NATURE REPUBLIC Real Squeeze Aloe Vera Air Mist 95ml,USD 15.16,USD 12.89,https://jolse.com/product/detail.html?product_no=9287&cate_no=1019&display_group=1
540,BENTON Snail Bee High Content Skin 150ml,USD 17.00,USD 14.45,https://jolse.com/product/detail.html?product_no=8685&cate_no=1019&display_group=1
541,The History of Whoo Gongjinhyang Soo Hydrating Balancer 150ml,USD 48.48,USD 41.21,https://jolse.com/product/detail.html?product_no=8182&cate_no=1019&display_group=1
542,O HUI Refining Medi-Toner Alcohol Free 150ml,USD 39.98,USD 33.98,https://jolse.com/product/detail.html?product_no=7955&cate_no=1019&display_group=1
543,O HUI Extreme White Skin Softener 150ml,USD 43.98,USD 37.38,https://jolse.com/product/detail.html?product_no=7950&cate_no=1019&display_group=1
544,O HUI Miracle Aqua Skin Softener 150ml,USD 36.98,USD 31.43,https://jolse.com/product/detail.html?product_no=7948&cate_no=1019&display_group=1
545,O HUI Miracle Moisture Skin Softener Moist 150ml,USD 48.00,USD 40.80,https://jolse.com/product/detail.html?product_no=7924&cate_no=1019&display_group=1
546,O HUI Age Recovery Skin Softener 150ml,USD 47.98,USD 40.78,https://jolse.com/product/detail.html?product_no=7898&cate_no=1019&display_group=1
547,The History of Whoo Radiant White Balancer 150ml,USD 57.00,USD 48.45,https://jolse.com/product/detail.html?product_no=7892&cate_no=1019&display_group=1
548,The History of Whoo Jinyulhyang Essential Revitalizing Balancer 150ml,USD 65.98,USD 56.08,https://jolse.com/product/detail.html?product_no=7888&cate_no=1019&display_group=1
549,The History of Whoo Gongjinhyang Essential Moisturizing Balancer 150ml,USD 54.00,USD 45.90,https://jolse.com/product/detail.html?product_no=7882&cate_no=1019&display_group=1
550,THE FACE SHOP White Seed Brightening Toner 145ml,USD 23.16,USD 16.65,https://jolse.com/product/detail.html?product_no=7779&cate_no=1019&display_group=1
551,THE FACE SHOP Essential Damage Care Hair Mist 150ml,USD 15.16,USD 9.84,https://jolse.com/product/detail.html?product_no=7770&cate_no=1019&display_group=1
552,It's Skin Green Tea Watery Toner 150ml,USD 19.00,USD 16.15,https://jolse.com/product/detail.html?product_no=7383&cate_no=1019&display_group=1
553,TONYMOLY The Chok Chok Green Tea Watery Skin 180ml,USD 19.57,USD 16.63,https://jolse.com/product/detail.html?product_no=7282&cate_no=1019&display_group=1
554,MISSHA Ye Hyeon Jin-Bon Toner 140ml,USD 20.16,USD 17.14,https://jolse.com/product/detail.html?product_no=7147&cate_no=1019&display_group=1
555,NATURE REPUBLIC Argan 20 essential Toner 170ml,USD 21.16,USD 17.99,https://jolse.com/product/detail.html?product_no=6681&cate_no=1019&display_group=1
556,It's skin PRESTIGE SERUM Ginseng D'escargot Special Set (40ml+15ml+15ml),USD 44.00,USD 37.40,https://jolse.com/product/detail.html?product_no=6315&cate_no=1019&display_group=1
557,ZYMOGEN Houttuynia Cordata Ferment Mist 135ml,USD 28.98,USD 24.63,https://jolse.com/product/detail.html?product_no=6151&cate_no=1019&display_group=1
558,ZYMOGEN AC Dr. A-Sol 30ml,USD 13.98,USD 11.88,https://jolse.com/product/detail.html?product_no=6142&cate_no=1019&display_group=1
559,NATURE REPUBLIC Real Squeeze Aloe Vera Toner 150ml,USD 19.16,USD 16.29,https://jolse.com/product/detail.html?product_no=5947&cate_no=1019&display_group=1
560,ETUDE HOUSE Belle Dress Shower Cologne 100ml,USD 12.13,USD 10.31,https://jolse.com/product/detail.html?product_no=5422&cate_no=1019&display_group=1
561,HOLIKA HOLIKA Prime Youth Black Snail Repair Toner 160ml,USD 30.16,USD 25.64,https://jolse.com/product/detail.html?product_no=5205&cate_no=1019&display_group=1
562,MISSHA Perfumed shower Cologne 105ml,USD 10.16,USD 8.64,https://jolse.com/product/detail.html?product_no=4143&cate_no=1019&display_group=1
563,COSRX AHA/BHA CLARIFYING TREATMENT TONER 150ml,USD 17.25,USD 14.66,https://jolse.com/product/detail.html?product_no=3396&cate_no=1019&display_group=1
564,COSRX CENTELLA WATER ALCHOL-FREE TONER 150ml,USD 17.25,USD 14.66,https://jolse.com/product/detail.html?product_no=3367&cate_no=1019&display_group=1
565,It's skin Collagen Nutrition Toner 150ml,USD 19.00,USD 16.15,https://jolse.com/product/detail.html?product_no=2356&cate_no=1019&display_group=1
566,It's skin Aloe Relaxing Toner 150ml,USD 19.00,USD 16.15,https://jolse.com/product/detail.html?product_no=2354&cate_no=1019&display_group=1
567,It's skin Hyaluronic Acid Moisture Toner 150ml,USD 19.00,USD 16.15,https://jolse.com/product/detail.html?product_no=2351&cate_no=1019&display_group=1
568,Ciracle Base Toner pH5.6 105.5ml,USD 23.48,USD 19.96,https://jolse.com/product/detail.html?product_no=1160&cate_no=1019&display_group=1
569,[Ciracle] Anti-Blemish Toner 105.5ml,USD 22.25,USD 18.91,https://jolse.com/product/detail.html?product_no=1158&cate_no=1019&display_group=1
570,Ciracle Pore Control Tightening Toner 105.5ml,USD 21.48,USD 18.26,https://jolse.com/product/detail.html?product_no=1156&cate_no=1019&display_group=1
